"","id","added_by","date","library","model_name","task_id","dataset_id","mse","rmse","mae","r2"
"1","25d9d874a28a8989e295fe65b193f1c7","hubertbaniecki","13-03-2019","mlr","regr.svm","regression_PartOfTheDay","kaggle_barcelona-data-sets-accidents-2017",0.033,0.1817,0.1217,0.8662
"2","d610b12484e0832865b7770a58e3e252","Adamoso","27-02-2019","mlr","regr.lm","regression_wage","kaggle_beauty",17.8294,4.2184,2.3967,0.1944
"3","3b3b244bb8c811eee2435d534406befe","BogdanJastrzebski","5-03-2019","mlr","regr.rpart","regression_oldpeak","kaggle_heart-disease",0.961,0.9803,0.098,0.9603
"4","c147040bb9c51e29cb17df401adcd6f4","WojciechKretowicz","11-03-2019","mlr","regr.svm","regression_MPI.Rural","kaggle_MPI_national",4e-04,0.0206,0.0161,0.988
"5","61f01a1058d3d2a2f0cc0ae3061f94e4","BogdanJastrzebski","12-03-2019","caret","ranger","regression_Mean.of.the.integrated.profile","kaggle_predicting-a-pulsar-star",69.1526,8.3158,6.5979,0.8949
"6","40bcd69481d6bc53abafa56e7a316146","maksymiuks","20-03-2019","caret","brnn","regression_quality","kaggle_red-wine-quality",0.3929,0.6268,0.4882,0.4074
"7","5ca1382e2db158d4bd18e43dc91441dd","hubertbaniecki","13-03-2019","caret","rf","regression_quality","kaggle_red-wine-quality",0.3242,0.5694,0.4188,0.5083
"8","d8b526d0c578c78ff4430d521ba48ccb","maksymiuks","13-03-2019","caret","bagEarthGCV","regression_quality","kaggle_red-wine-quality",0.3946,0.6282,0.4846,0.3983
"9","578d766e499119fbe9057e45d739663d","k-sap","05-03-2019","mlr","regr.evtree","regression_suicides100k_pop","kaggle_suicide-rates-overview-1985-to-2016",0.005,0.0704,0.0408,0.3287
"10","16331c6aa2b3c8b38f403413ea80c58a","airi314","13-03-2019","mlr","regr.bcart","regression_Height","openml_abalone",0.0015,0.039,0.0278,0.1509
"11","9f6a685a9d30e47223fdd383258ecae5","hubertbaniecki","13-03-2019","mlr","regr.lm","regression_Sex","openml_abalone",0.2431,0.493,0.4851,0.0199
"12","e0ae5a9a07b95e41e81739b94d67735b","witoldmerkel","13-03-2019","caret","lm","regression_AIDS","openml_aids",170606832,13061.66,10092.32,0.4486
"13","3561eb2e52cf1ee0fa4502b510801758","MatiFilozof","24-03-2019","mlr","regr.plsr","regression_Log_exposure","openml_analcatdata_supreme",0.1711,0.4137,0.3074,0.4323
"14","488606e0a89585c238575f03131e0f33","MatiFilozof","24-03-2019","mlr","regr.gausspr","regression_Log_exposure","openml_analcatdata_supreme",0.0331,0.1819,0.11,0.8907
"15","51b8e2f48c66ac820cada52aa54d1483","MatiFilozof","24-03-2019","mlr","regr.svm","regression_Log_exposure","openml_analcatdata_supreme",0.3838,0.6195,0.2399,-0.2428
"16","5849e2aea87ed90dd38e7c98bdb64590","MatiFilozof","24-03-2019","mlr","regr.plsr","regression_Log_exposure","openml_analcatdata_supreme",0.1711,0.4137,0.3074,0.4323
"17","6fe1f9f980720b71efc6c5ea52585822","MatiFilozof","24-03-2019","mlr","regr.gausspr","regression_Log_exposure","openml_analcatdata_supreme",0.1711,0.4137,0.3074,0.4323
"18","761b17cb819d8ff237dc1a2123dcbda3","MatiFilozof","24-03-2019","mlr","regr.svm","regression_Log_exposure","openml_analcatdata_supreme",0.0361,0.1901,0.095,0.8807
"19","aece76ec5ccb179dff9ec77054b75953","MatiFilozof","24-03-2019","mlr","regr.svm","regression_Log_exposure","openml_analcatdata_supreme",68.5043,8.2767,6.2536,-226.6721
"20","db5736627d99e042713619bfff9de5b1","MatiFilozof","24-03-2019","mlr","regr.plsr","regression_Log_exposure","openml_analcatdata_supreme",0.1711,0.4137,0.3074,0.4323
"21","dd3a1d136344582738d15090bbf6ac58","MatiFilozof","24-03-2019","mlr","regr.gausspr","regression_Log_exposure","openml_analcatdata_supreme",0.1711,0.4137,0.3074,0.4323
"22","e70039ead53198c467a8f17f4a705d34","BogdanJastrzebski","12-03-2019","mlr","regr.rpart","regression_V7","openml_artificial-characters",62.0962,7.8801,6.2555,0.4978
"23","70c912dc6d606a85501e09c8afbefec6","Adamoso","06-03-2019","mlr","regr.glm","regression_horsepower","auto_price",149.8716,12.2422,9.0172,0.8377
"24","76bdc1c58aff873c81916cab6223724c","witoldmerkel","13-03-2019","mlr","regr.rpart","regression_horsepower","openml_auto-price",177.2695,13.3143,8.6664,0.8074
"25","72304e35adc17774e4b2eff429ad48c8","Siemashko","12-03-2019","mlr","regr.xgboost","regression_length","openml_auto-price",14709.9604,121.2846,120.7388,-112.307
"26","f43eac1d8cca3d365c54df528994169a","Adamoso","06-03-2019","caret","regr_lm","regression_length","auto_price",19.8167,4.4516,3.4512,0.8504
"27","0dafe44ce3fe0e84c415260b9dc4f220","DominikRafacz","23-03-2019","mlr","regr.gausspr","regression_price","openml_auto_price",6914147.8628,2629.4767,1882.3674,0.7765
"28","1adc10c9186f2ccc42cbb293c0009d0c","DominikRafacz","23-03-2019","mlr","regr.plsr","regression_price","openml_auto_price",7111593.9813,2666.7572,1915.2552,0.7697
"29","437d67593eba67c27e223e757a1d72ad","DominikRafacz","23-03-2019","mlr","regr.svm","regression_price","openml_auto_price",75994544.8267,8717.485,4864.8463,-1.242
"30","4559bce5b39f66237b1f850b2e4543a0","DominikRafacz","23-03-2019","mlr","regr.gausspr","regression_price","openml_auto_price",9172452.7405,3028.6057,1781.3488,0.7291
"31","4643106e0373dd8682e15b91bdbd3020","DominikRafacz","23-03-2019","mlr","regr.svm","regression_price","openml_auto_price",12243798.4042,3499.1139,2024.1006,0.6247
"32","82003a15e55a7702dafd4e106753c3c1","DominikRafacz","23-03-2019","mlr","regr.plsr","regression_price","openml_auto_price",7111596.3146,2666.7576,1915.2566,0.7697
"33","9b28e92d084bfd519f1b731431248f9a","DominikRafacz","23-03-2019","mlr","regr.plsr","regression_price","openml_auto_price",7111596.3151,2666.7576,1915.2566,0.7697
"34","a9a0cbdf0a4925168aa15c8d8aeedf76","DominikRafacz","23-03-2019","mlr","regr.gausspr","regression_price","openml_auto_price",6922451.3929,2631.0552,1883.8056,0.7762
"35","dd727d3a588c928dc9b8066c643a480a","DominikRafacz","23-03-2019","mlr","regr.svm","regression_price","openml_auto_price",7533825.3072,2744.7815,1620.3632,0.7781
"36","1af103d55130314ed79889c3db375d5b","Pastuszka","09-03-2019","caret","svmLinear","regression_V4","openml_banknote-authentication",2.5092,1.5841,1.2438,0.458
"37","38e19ef4ab959caebda3edc6cb0780b3","michalSt98","09-03-2019","caret","lm","regression_V10","openml_bank",51.5377,7.179,5.7801,0.2561
"38","02e9e92b077356f5560e46ae41352daf","airi314","13-03-2019","mlr","regr.bcart","regression_TAX","openml_boston",6140.7569,78.363,47.9132,0.7808
"39","800e6b2ac2b9e0cb6309e97222354cc4","DominikRafacz","11-03-2019","mlr","regr.rvm","regression_col_3","openml_chscase-geyser1",146.3202,12.0963,8.3697,0.14
"40","e969aeb24ecf5f57be549b8cee168214","DominikRafacz","11-03-2019","caret","treebag","regression_col_3","openml_chscase-geyser1",40.0876,6.3315,5.0649,0.7584
"41","4753f39ad4249ff97da8d5b9a5243072","DominikRafacz","24-03-2019","mlr","regr.plsr","regression_TE","openml_cloud",0.1733,0.4163,0.26,0.815
"42","4a227a967772e243a63804e6de4441f1","DominikRafacz","24-03-2019","mlr","regr.svm","regression_TE","openml_cloud",9.917,3.1491,0.7872,-2.9168
"43","a676580715a8a3cf9f2951468ec96c81","DominikRafacz","24-03-2019","mlr","regr.plsr","regression_TE","openml_cloud",0.1733,0.4163,0.26,0.815
"44","c91d079eeb53c4df12a3dc20b599f92b","DominikRafacz","24-03-2019","mlr","regr.gausspr","regression_TE","openml_cloud",0.1716,0.4143,0.2597,0.8162
"45","d0521d0977526dee010d91e21ef26fa8","DominikRafacz","24-03-2019","mlr","regr.plsr","regression_TE","openml_cloud",0.1733,0.4163,0.26,0.815
"46","dfc2bc8935e3e39a3e62515fc3cd35e8","DominikRafacz","24-03-2019","mlr","regr.svm","regression_TE","openml_cloud",1.2422,1.1145,0.5167,0.283
"47","f0ce2780fe556a02501390dd5761681a","DominikRafacz","24-03-2019","mlr","regr.gausspr","regression_TE","openml_cloud",0.6514,0.8071,0.4016,0.5802
"48","fb0961ce3dba82a80288a5c1aaad2d9b","DominikRafacz","24-03-2019","mlr","regr.svm","regression_TE","openml_cloud",0.503,0.7092,0.3479,0.664
"49","fe1a5f57410f48944387aab71e0e7660","DominikRafacz","24-03-2019","mlr","regr.gausspr","regression_TE","openml_cloud",0.1714,0.414,0.2597,0.8166
"50","0f163b2107ff07160873f7a454e90dcf","MatiFilozof","23-03-2019","mlr","regr.plsr","regression_usr","openml_cpu_act",93.0654,9.647,6.0735,0.725
"51","242c11c7a1acbc8cb0afc81379ea5195","MatiFilozof","23-03-2019","mlr","regr.gausspr","regression_usr","openml_cpu_act",93.0643,9.647,6.0724,0.725
"52","47109e5b21fa9703fdeab1819cce3f32","MatiFilozof","23-03-2019","mlr","regr.svm","regression_usr","openml_cpu_act",1653120.9298,1285.7375,534.9305,-4890.4307
"53","4a6baab36d4f2bcc7fdb9485d1243b79","MatiFilozof","23-03-2019","mlr","regr.gausspr","regression_usr","openml_cpu_act",55.5132,7.4507,2.948,0.8361
"54","8c856804248bd4564313d81ba21cc177","MatiFilozof","23-03-2019","mlr","regr.gausspr","regression_usr","openml_cpu_act",93.0643,9.647,6.0724,0.725
"55","a2ed3c2dff709da720423542d003c5e8","MatiFilozof","23-03-2019","mlr","regr.svm","regression_usr","openml_cpu_act",575.9387,23.9987,4.0767,-0.8078
"56","a8803b58aa1e837557f2390a0352d7f1","MatiFilozof","23-03-2019","mlr","regr.plsr","regression_usr","openml_cpu_act",93.0654,9.647,6.0735,0.725
"57","afcdc139e7de398cb5ad105dc3654e89","MatiFilozof","23-03-2019","mlr","regr.svm","regression_usr","openml_cpu_act",22.4226,4.7353,2.3356,0.9338
"58","f162ec892f8269cd9fa127d837e82a96","MatiFilozof","23-03-2019","mlr","regr.plsr","regression_usr","openml_cpu_act",93.0555,9.6465,6.0744,0.725
"59","2797201baa56f852d565729b372aca70","DominikRafacz","23-03-2019","mlr","regr.gausspr","regression_Se","openml_delta_elevators",2.099e-06,0.0014,0.0011,0.6275
"60","3e6fbbf1d7c00eeca273cab6682d0150","DominikRafacz","23-03-2019","mlr","regr.gausspr","regression_Se","openml_delta_elevators",2.099e-06,0.0014,0.0011,0.6275
"61","4d1f2c33f31fec636f75129ab2f5c503","DominikRafacz","23-03-2019","mlr","regr.plsr","regression_Se","openml_delta_elevators",2.099e-06,0.0014,0.0011,0.6275
"62","916022b504e32aaacb1a90952252129a","DominikRafacz","23-03-2019","mlr","regr.svm","regression_Se","openml_delta_elevators",0.0266,0.1631,0.0989,-4723.7982
"63","93691f57730c7f51086075ab8c01d56d","DominikRafacz","23-03-2019","mlr","regr.plsr","regression_Se","openml_delta_elevators",2.099e-06,0.0014,0.0011,0.6275
"64","a05766209b426eb6a08855adb9d8d1cb","DominikRafacz","23-03-2019","mlr","regr.svm","regression_Se","openml_delta_elevators",3.2245e-06,0.0018,0.0014,0.4276
"65","b21f3e5fc5a4950a368d792756f26764","DominikRafacz","23-03-2019","mlr","regr.svm","regression_Se","openml_delta_elevators",2.0594e-06,0.0014,0.0011,0.6345
"66","b498b1155386f37ae4bae9e6696ece6a","DominikRafacz","23-03-2019","mlr","regr.plsr","regression_Se","openml_delta_elevators",2.099e-06,0.0014,0.0011,0.6275
"67","caed50e49efc97198d42c307a2b7f1af","DominikRafacz","23-03-2019","mlr","regr.gausspr","regression_Se","openml_delta_elevators",2.036e-06,0.0014,0.0011,0.6387
"68","17efffb0e07e52ca96d0131c670937d7","DominikRafacz","24-03-2019","mlr","regr.plsr","regression_ASR","openml_detroit",84106.4421,290.0111,114.4616,-30.1922
"69","1c71cc5568b9b468a3dddb1fe762249d","DominikRafacz","24-03-2019","mlr","regr.gausspr","regression_ASR","openml_detroit",1066.6558,32.6597,23.9077,0.4091
"70","5a2a8d8446155586f423a66795969f7c","DominikRafacz","24-03-2019","mlr","regr.svm","regression_ASR","openml_detroit",1716.5392,41.4311,30.6931,-0.006
"71","5c53f4d0d6b198e4c7a8841107b69ded","DominikRafacz","24-03-2019","mlr","regr.gausspr","regression_ASR","openml_detroit",1066.6558,32.6597,23.9077,0.4091
"72","6c09a39780c86bb2f4f95676753e5fee","DominikRafacz","24-03-2019","mlr","regr.plsr","regression_ASR","openml_detroit",84106.4418,290.0111,114.4616,-30.1922
"73","7d967564a3a2aed8ce58865f83214206","DominikRafacz","24-03-2019","mlr","regr.gausspr","regression_ASR","openml_detroit",2058.6454,45.3723,31.1047,0.1596
"74","82f6922eb1be0fe1ae2ce02655d30eeb","DominikRafacz","24-03-2019","mlr","regr.svm","regression_ASR","openml_detroit",1748.5936,41.8162,29.5707,0.0111
"75","9c073d2b04cc323ff7238a3acd7b8877","DominikRafacz","24-03-2019","mlr","regr.svm","regression_ASR","openml_detroit",1414.2251,37.6062,31.132,0.067
"76","a85360de6fdc94efefdb3f4c3aa2cf3f","DominikRafacz","24-03-2019","mlr","regr.plsr","regression_ASR","openml_detroit",84103.5794,290.0062,114.4644,-30.1903
"77","66ca68532158b416b4260fd4b9cb0929","pysiakk","12-03-2019","mlr","regr.plsr","regression_mass","openml_diabetes",47.0204,6.8571,5.0784,0.2396
"78","beaa2277831980d3df006d2e8167b81a","GoniaW","28-02-2019","mlr","regr.gbm","regression_pedi","openml_diabetes",0.1318,0.363,0.2696,-0.2183
"79","11ec65532b182c23b6c59410280a7413","MatiFilozof","24-03-2019","mlr","regr.gausspr","regression_Income","openml_disclosure_x_tampered",890614838.2614,29843.1707,23024.914,0.0095
"80","2088979e334cd02dc3353a70ed93c426","MatiFilozof","24-03-2019","mlr","regr.plsr","regression_Income","openml_disclosure_x_tampered",890621016.5106,29843.2742,23025.1071,0.0095
"81","50cddddd032c235de9e788c4f20e7b9a","MatiFilozof","24-03-2019","mlr","regr.plsr","regression_Income","openml_disclosure_x_tampered",890621016.5106,29843.2742,23025.1071,0.0095
"82","533f80031436e05a18402867caae036b","MatiFilozof","24-03-2019","mlr","regr.svm","regression_Income","openml_disclosure_x_tampered",920352860.845,30337.318,23452.3264,-0.0213
"83","6a5f28ea9b52d8f8ffd732e76c27eabe","MatiFilozof","24-03-2019","mlr","regr.svm","regression_Income","openml_disclosure_x_tampered",893868342.8616,29897.6311,23079.6273,0.0047
"84","bccd91c7ebd33b2894ff3da405b40d6b","MatiFilozof","24-03-2019","mlr","regr.gausspr","regression_Income","openml_disclosure_x_tampered",918623730.9251,30308.8062,23559.6116,-0.0189
"85","c267b29faa9994fb6eef620ddaa29894","MatiFilozof","24-03-2019","mlr","regr.svm","regression_Income","openml_disclosure_x_tampered",49956409898.6819,223509.3061,151161.3139,-55.2433
"86","cbda0ec8998dfe477e39ef3f3d35856d","MatiFilozof","24-03-2019","mlr","regr.gausspr","regression_Income","openml_disclosure_x_tampered",890614838.2614,29843.1707,23024.914,0.0095
"87","ff3ec8c2c01df20c059a11a9032f0d73","MatiFilozof","24-03-2019","mlr","regr.plsr","regression_Income","openml_disclosure_x_tampered",890621016.5106,29843.2742,23025.1071,0.0095
"88","75c0b2a3b1bafc0057f3a189da02dedf","pysiakk","02-03-2019","mlr","75c0b2a3b1bafc0057f3a189da02dedf","regression_vicdemand","openml_electricity",0.0037,0.0607,0.0468,0.7479
"89","0b67765133432ccd0b56125fd1cda387","lukaszbrzozowski","05-03-2019","mlr","regr.glmboost","regression_V2","openml_fertility",0.0117,0.1082,0.0862,0.1173
"90","58fac40ae3e5642096cebbb58a1ceab5","lukaszbrzozowski","12-03-2019","caret","rf","regression_V9","openml_fertility",0.0287,0.1693,0.135,0.193
"91","0889f68faa9a9c099c2f4a0d00ba38ce","MatiFilozof","24-03-2019","mlr","regr.svm","regression_Y","openml_fried",7.1052,2.6655,2.1057,0.7154
"92","a1021fe18484b3dbc41aaa49e45c2bb8","MatiFilozof","24-03-2019","mlr","regr.svm","regression_Y","openml_fried",1.1139,1.0554,0.8392,0.9554
"93","a4bfc626e820a03936d7c80b3b47b748","MatiFilozof","24-03-2019","mlr","regr.svm","regression_Y","openml_fried",36993.5534,192.3371,148.7711,-1481.0284
"94","0b05bc74eca65d46db8228b61f7fc032","k-sap","13-03-2019","mlr","regr.evtree","regression_Mg","openml_glass",0.6709,0.8191,0.4395,0.6727
"95","a5a078898703d7e1e7b6b3322b4f0ac8","WojciechKretowicz","06-03-2019","scikit","LinearRegression","regression_Mg","openml_glass",0.0088,0.0938,0.0727,0.9948
"96","fe524db85730fb06050b8e5d0539ab1e","airi314","13-03-2019","mlr","regr.bcart","regression_Na","openml_glass",0.4806,0.6932,0.4518,0.273
"97","020659239aba33f766d9a7bc2d2332c1","MatiFilozof","23-03-2019","mlr","regr.h2o.glm","regression_median_house_value","openml_houses",13137191604.306,114617.5885,90563.0523,0.0132
"98","0d6a8d1999153fd9431b8d59b9e8b235","MatiFilozof","23-03-2019","mlr","regr.svm","regression_median_house_value","openml_houses",26813265766.253,163747.5672,58541.9748,-1.1024
"99","601287c1a12ca476036d668c0671e4bc","MatiFilozof","23-03-2019","mlr","regr.h2o.glm","regression_median_house_value","openml_houses",5346899586.9864,73122.4971,53502.0364,0.5981
"100","98112cf759b8ef551673c42addd2e902","MatiFilozof","23-03-2019","mlr","regr.svm","regression_median_house_value","openml_houses",2869359629801980,53566403.9282,19431432.6991,-215533.4636
"101","d86a699f0785a2cfdde15f19d0eb6741","MatiFilozof","23-03-2019","mlr","regr.svm","regression_median_house_value","openml_houses",3255065774.5014,57053.1837,38144.417,0.7553
"102","e5150ee908f1281f041cf316ec644236","MatiFilozof","23-03-2019","mlr","regr.h2o.glm","regression_median_house_value","openml_houses",13141578902.5646,114636.7258,90578.2368,0.0129
"103","391fa8395098746164d8e18efc4bb16d","MatiFilozof","24-03-2019","mlr","regr.plsr","regression_Quality","openml_hutsof99_logis",79.8056,8.9334,7.2056,0.2461
"104","4150a0596fff36fcf613aedd2e02830f","MatiFilozof","24-03-2019","mlr","regr.svm","regression_Quality","openml_hutsof99_logis",82.2376,9.0685,6.9544,0.2542
"105","4dcc8fe6629db47e7c7a50373b8ea82e","MatiFilozof","24-03-2019","mlr","regr.plsr","regression_Quality","openml_hutsof99_logis",79.8056,8.9334,7.2056,0.2461
"106","6a63083745cf7bff56ac343a232cf632","MatiFilozof","24-03-2019","mlr","regr.svm","regression_Quality","openml_hutsof99_logis",86.7477,9.3138,7.1244,0.2444
"107","7be0f5c33ea28bbc4a9d96cb1abbf33a","MatiFilozof","24-03-2019","mlr","regr.plsr","regression_Quality","openml_hutsof99_logis",79.8056,8.9334,7.2056,0.2461
"108","a0cd3ef5a40c8805f61695ca59e86e59","MatiFilozof","24-03-2019","mlr","regr.gausspr","regression_Quality","openml_hutsof99_logis",77.8947,8.8258,7.0649,0.2715
"109","ad5af76c603208b1b782c1104020c0bb","MatiFilozof","24-03-2019","mlr","regr.gausspr","regression_Quality","openml_hutsof99_logis",85.1972,9.2302,7.2359,0.233
"110","d31c8a1270f17087d70959fb51f6a3da","MatiFilozof","24-03-2019","mlr","regr.gausspr","regression_Quality","openml_hutsof99_logis",77.8752,8.8247,7.0475,0.2712
"111","f9bc559ba1f06983858b103ea4603558","MatiFilozof","24-03-2019","mlr","regr.svm","regression_Quality","openml_hutsof99_logis",75.2921,8.6771,6.5295,0.3072
"112","f1657350d7c63bcd86b6d73696968281","witoldmerkel","13-03-2019","mlr","regr.rpart","regression_DVRT","openml_irish",180.6825,13.4418,10.7493,0.2376
"113","5b2c4babcf5363847614d2b486a71534","maksymiuks","05-03-2019","mlr","regr.gbm","regression_f1","openml_isolet",0.0054,NA,NA,NA
"114","a5a078898703d7e1e7b6b3322b4f0ac8","WojciechKretowicz","13-03-2019","scikit","LinearRegression","regression_Class","openml_isolet",0.005,0.071,0.0527,0.9041
"115","f55a2ad46af3966d8377aa2e2b44fb09","maksymiuks","13-03-2019","mlr","regr.gbm","regression_f1","openml_isolet",0.0055,0.0743,0.0527,0.9014
"116","0e6e20368ebe7c94a736a6e5ab59d51a","Siemashko","19-03-2019","scikit","MLPRegressor","regression_NUMDEFECTS","openml_kc1-numeric",42.0068,6.4813,2.9643,0.5575
"117","4dd329d93b648a67f8809ba6fb666040","Siemashko","19-03-2019","scikit","MLPRegressor","regression_NUMDEFECTS","openml_kc1-numeric",42.2432,6.4995,2.9678,0.555
"118","6dffc6f97b658ef912b4acfcee1ac9a9","Siemashko","19-03-2019","scikit","MLPRegressor","regression_NUMDEFECTS","openml_kc1-numeric",43.5154,6.5966,3.0133,0.5416
"119","8929863fb127b68256f53c16e5476a2a","Siemashko","19-03-2019","scikit","MLPRegressor","regression_NUMDEFECTS","openml_kc1-numeric",43.7003,6.6106,2.9762,0.5396
"120","a5a078898703d7e1e7b6b3322b4f0ac8","Siemashko","02-03-2019","scikit","LinearRegression","regression_NUMDEFECTS","openml_kc1-numeric",129.8586,11.3956,5.8596,-0.368
"121","a6474813ee1d35cc3b426999bf378279","Siemashko","19-03-2019","scikit","MLPRegressor","regression_NUMDEFECTS","openml_kc1-numeric",43.1232,6.5668,2.9985,0.5457
"122","a67c269d801723fe52a62c9f3240a533","Siemashko","19-03-2019","scikit","MLPRegressor","regression_NUMDEFECTS","openml_kc1-numeric",44.14,6.6438,3.0054,0.535
"123","c61aeef554878bd07b4dcdf8ff490144","Siemashko","19-03-2019","scikit","MLPRegressor","regression_NUMDEFECTS","openml_kc1-numeric",42.6196,6.5284,2.985,0.551
"124","d22d6962bd83c3ca92b46e6ca13d55d0","Siemashko","19-03-2019","scikit","MLPRegressor","regression_NUMDEFECTS","openml_kc1-numeric",43.2473,6.5763,2.9952,0.5444
"125","e5fd45d2ed0455daebc29e48d9f68d7f","Siemashko","19-03-2019","scikit","MLPRegressor","regression_NUMDEFECTS","openml_kc1-numeric",44.5556,6.675,2.9972,0.5306
"126","f92b40901de418724d5c0ed8033b864d","Siemashko","19-03-2019","scikit","MLPRegressor","regression_NUMDEFECTS","openml_kc1-numeric",42.6284,6.529,2.9725,0.5509
"127","2daccba2e9fb0f30552ae8c45690a276","DominikRafacz","23-03-2019","mlr","regr.gausspr","regression_y","openml_kin8nm",0.0408,0.202,0.1622,0.4124
"128","60a1ec0b372249e156c5eab9dee76e9b","DominikRafacz","23-03-2019","mlr","regr.svm","regression_y","openml_kin8nm",0.0355,0.1885,0.1506,0.4885
"129","791a52eab1caac03ec74111069d657c5","DominikRafacz","23-03-2019","mlr","regr.plsr","regression_y","openml_kin8nm",0.0408,0.202,0.1622,0.4124
"130","81b3f417f284cd797140712b689cc6be","DominikRafacz","23-03-2019","mlr","regr.gausspr","regression_y","openml_kin8nm",0.0408,0.202,0.1622,0.4124
"131","8715f94e7553684931772d4da509093b","DominikRafacz","23-03-2019","mlr","regr.svm","regression_y","openml_kin8nm",14.0796,3.7523,2.8531,-201.9549
"132","988c4f4994eb5b8e356748860112434f","DominikRafacz","23-03-2019","mlr","regr.plsr","regression_y","openml_kin8nm",0.0408,0.202,0.1622,0.4124
"133","a63077c5a538a30e97a4fdd1bbaa3aef","DominikRafacz","23-03-2019","mlr","regr.svm","regression_y","openml_kin8nm",0.0069,0.0829,0.0623,0.901
"134","aa233ccac855a69973542481d1466780","DominikRafacz","23-03-2019","mlr","regr.gausspr","regression_y","openml_kin8nm",0.0112,0.1059,0.0811,0.8385
"135","baabc8e088740f9aca9133a674e96abf","DominikRafacz","23-03-2019","mlr","regr.plsr","regression_y","openml_kin8nm",0.0408,0.202,0.1622,0.4124
"136","044928e02e8361e90e48efd01c0affdf","DominikRafacz","23-03-2019","mlr","regr.plsr","regression_drinks","openml_liver-disorders",9.3438,3.0568,2.3816,0.1266
"137","051fe701c91c3542b4e8ba357739a075","DominikRafacz","23-03-2019","mlr","regr.gausspr","regression_drinks","openml_liver-disorders",9.3396,3.0561,2.3815,0.1273
"138","40609dd8b13590fe7eb41f820eb2be01","DominikRafacz","23-03-2019","mlr","regr.svm","regression_drinks","openml_liver-disorders",9.2639,3.0437,2.2948,0.1372
"139","643e082583bdce93a2708acc5c36e06e","DominikRafacz","23-03-2019","mlr","regr.plsr","regression_drinks","openml_liver-disorders",9.3438,3.0568,2.3816,0.1266
"140","68f16a362a9cdfd8bee8a5f3ea5a8358","DominikRafacz","23-03-2019","mlr","regr.gausspr","regression_drinks","openml_liver-disorders",8.9959,2.9993,2.3322,0.152
"141","7e8a035605a4f5cab6a8bc454a4b4fc9","agosiewska","11-02-2019","mlr","regr.gbm","regression_drinks","openml_liver-disorders",10.9489,3.3089,2.5503,-0.0326
"142","a73d7c9ccd9e514dcf202f2e1a8dc2e5","DominikRafacz","23-03-2019","mlr","regr.plsr","regression_drinks","openml_liver-disorders",9.3438,3.0568,2.3816,0.1266
"143","c99139696cab992a6e8d2e04efd1ad4b","DominikRafacz","23-03-2019","mlr","regr.svm","regression_drinks","openml_liver-disorders",278.6812,16.6937,7.2435,-26.6424
"144","d7cd0d400ad28d9aa08c78b7ad4aef96","hubertbaniecki","13-03-2019","caret","rf","regression_drinks","openml_liver-disorders",8.8309,2.9717,2.3679,0.2097
"145","da9063e7eb39a35e63c281d664fab2a7","DominikRafacz","23-03-2019","mlr","regr.gausspr","regression_drinks","openml_liver-disorders",9.3396,3.0561,2.3816,0.1273
"146","e598dbfba4dfbb3ca6c25aae43bc0b2f","DominikRafacz","23-03-2019","mlr","regr.svm","regression_drinks","openml_liver-disorders",19.0034,4.3593,2.7331,-1.0394
"147","14643142a46756daa57ecc08cc9ce9c6","airi314","13-03-2019","caret","rf","regression_mcv","openml_liver_disorders",18.1128,4.2559,3.2801,0.1018
"148","01817f160006d155cf5f9de7ea4cd2c4","DominikRafacz","24-03-2019","mlr","regr.gausspr","regression_employed","openml_longley",372632.8794,610.4366,495.5846,0.7682
"149","68e5280ac3ce94b1cdf06ed053f30919","DominikRafacz","24-03-2019","mlr","regr.plsr","regression_employed","openml_longley",179571.309,423.7586,356.3814,0.8796
"150","7a48718db50a3f3236f0676581fb9a37","DominikRafacz","24-03-2019","mlr","regr.svm","regression_employed","openml_longley",893909.0975,945.4677,768.3783,0.5446
"151","93e0c35b13ac09c679376487d5037ecf","DominikRafacz","24-03-2019","mlr","regr.plsr","regression_employed","openml_longley",180384.1104,424.7165,356.8566,0.8794
"152","cd0ef8fc6fc7a48ff792a8c93f9d7921","DominikRafacz","24-03-2019","mlr","regr.svm","regression_employed","openml_longley",4172811.9113,2042.7462,1778.834,-5.8578
"153","e162f43f2e96f9d90bfd032b5b993560","DominikRafacz","24-03-2019","mlr","regr.gausspr","regression_employed","openml_longley",372632.8794,610.4366,495.5846,0.7682
"154","e91cc97edc3a25f877b6dee023daf301","DominikRafacz","24-03-2019","mlr","regr.plsr","regression_employed","openml_longley",180383.714,424.716,356.8564,0.8794
"155","ed99195ff055f93df0efc42c11edae08","DominikRafacz","24-03-2019","mlr","regr.svm","regression_employed","openml_longley",1512335.6119,1229.7706,924.6816,-2.1604
"156","ee072b13bb59fb27e68a819eca03858b","DominikRafacz","24-03-2019","mlr","regr.gausspr","regression_employed","openml_longley",2423304.2437,1556.6966,1391.3999,-0.7514
"157","0460807d984ed37b8cdb27f16519f6d3","MatiFilozof","23-03-2019","mlr","regr.svm","regression_class","openml_lowbwt",411598.482,641.5594,511.5059,0.2185
"158","0d4aed1a340952772410f889200de9c1","MatiFilozof","23-03-2019","mlr","regr.plsr","regression_class","openml_lowbwt",226646.4415,476.074,378.5831,0.5546
"159","1185d44e047694e38709329e3e0e8d5a","MatiFilozof","23-03-2019","mlr","regr.gausspr","regression_class","openml_lowbwt",211670.6775,460.0768,369.0247,0.5864
"160","25ca735fc9b3ed7824676ffc43daae41","MatiFilozof","23-03-2019","mlr","regr.plsr","regression_class","openml_lowbwt",4.51814552056585e+33,67217151981959600,23528589204730500,-1.02071467199123e+28
"161","666552e1529d2b49480b8ffee722530c","MatiFilozof","23-03-2019","mlr","regr.gausspr","regression_class","openml_lowbwt",211058.229,459.4107,368.7343,0.587
"162","83c562bbd2deabf7f2505bb76989b5cb","MatiFilozof","23-03-2019","mlr","regr.plsr","regression_class","openml_lowbwt",217011.0778,465.8445,372.9369,0.5764
"163","bfeec5b02f1f753bde3c4edc99b7b35f","MatiFilozof","23-03-2019","mlr","regr.svm","regression_class","openml_lowbwt",219633.4831,468.6507,361.0729,0.5775
"164","c9d1820bb7cd570f31778f213836a357","MatiFilozof","23-03-2019","mlr","regr.svm","regression_class","openml_lowbwt",221870.1784,471.031,367.3892,0.5746
"165","ebe33c08aa593992774f9a0d37c38953","MatiFilozof","23-03-2019","mlr","regr.gausspr","regression_class","openml_lowbwt",236323.0822,486.1307,372.8301,0.5469
"166","6152b351b8bbbc33d3736e0a819722d7","k-sap","13-03-2019","mlr","regr.evtree","regression_TIME","openml_lupus",3666.1575,60.5488,51.7677,0.2125
"167","e3eeb3e89c23740693fb73e72d1d9bf7","michalSt98","09-03-2019","caret","lm","regression_TIME","openml_lupus",3683.311,60.6903,51.7563,0.3249
"168","eddc80da42940ee05ed92bea2fa85b15","k-sap","13-03-2019","caret","ranger","regression_TIME","openml_lupus",3970.686,63.0134,51.9895,0.1594
"169","0c0cb37e283157454ee4c7a4b62d987e","DominikRafacz","23-03-2019","mlr","regr.gausspr","regression_grade_point_average","openml_mbagrade",0.0927,0.3045,0.2317,-0.1759
"170","500d415ae37ed9fd40c8854e1398a755","DominikRafacz","23-03-2019","mlr","regr.gausspr","regression_grade_point_average","openml_mbagrade",0.0928,0.3046,0.2316,-0.1762
"171","5f7f3df0da5b4e9a83bab6a74cbae8dc","DominikRafacz","23-03-2019","mlr","regr.plsr","regression_grade_point_average","openml_mbagrade",0.0928,0.3047,0.2311,-0.1798
"172","621e7b2da46bd2ec963dd88434fd8fa9","DominikRafacz","23-03-2019","mlr","regr.gausspr","regression_grade_point_average","openml_mbagrade",0.1205,0.3471,0.2684,-0.4641
"173","650f46e36318b303662dfc0a52356bd9","DominikRafacz","23-03-2019","mlr","regr.svm","regression_grade_point_average","openml_mbagrade",0.1025,0.3201,0.2445,-0.2697
"174","787b3a1390bbe836b8987b9a6d7ad8a4","DominikRafacz","23-03-2019","mlr","regr.svm","regression_grade_point_average","openml_mbagrade",0.1446,0.3802,0.2965,-0.7738
"175","c1b565f1a66c161ce6c7cca5516c7ea4","DominikRafacz","23-03-2019","mlr","regr.plsr","regression_grade_point_average","openml_mbagrade",0.0928,0.3047,0.2311,-0.1798
"176","c4be1c66c37c9b65e07e34170793dff7","DominikRafacz","23-03-2019","mlr","regr.svm","regression_grade_point_average","openml_mbagrade",0.0894,0.299,0.2374,-0.1097
"177","c6049afb70bcd40623dfcf3de0b8486d","DominikRafacz","23-03-2019","mlr","regr.plsr","regression_grade_point_average","openml_mbagrade",0.0928,0.3047,0.2311,-0.1798
"178","ba211d38c26b6f39ec34b90e6aad5a9f","MatiFilozof","23-03-2019","mlr","regr.rsm","regression_class","openml_mnist_rotation",7.0341,2.6522,2.2627,0.1573
"179","6b3f22701857ac974da249d940c06d4e","DominikRafacz","03-03-2019","mlr","regr.nnet","regression_V3","openml_ozone-level-8hr",1.3595,1.166,0.869,-0.0024
"180","0b4ce0d52ee653523edd3e20ad7a464b","WojtekBogucki","05-03-2019","mlr","regr.rpart","regression_Grades","openml_PopularKids",0.0416,0.204,0.055,0.9633
"181","062052528ecb89bdcbea17fb5d57cc56","MatiFilozof","24-03-2019","mlr","regr.plsr","regression_col_3","openml_rabe_166",8.595,2.9317,2.4889,0.9863
"182","1c605492d2ef9ec0fe6dfc809b6ac8c5","MatiFilozof","24-03-2019","mlr","regr.plsr","regression_col_3","openml_rabe_166",8.595,2.9317,2.4889,0.9863
"183","298a5df934d11ad8a6df8d7411313a33","MatiFilozof","24-03-2019","mlr","regr.svm","regression_col_3","openml_rabe_166",1225.0129,35.0002,29.6892,-0.7231
"184","7966fbb05a3fbfeda9ff032b8a9727b9","MatiFilozof","24-03-2019","mlr","regr.svm","regression_col_3","openml_rabe_166",260.8479,16.1508,13.3016,0.5795
"185","a2cdf66b34c280b3a0df3f0c7cccd047","MatiFilozof","24-03-2019","mlr","regr.gausspr","regression_col_3","openml_rabe_166",12.3202,3.51,2.9267,0.9783
"186","b9ff85a1a263da2241af8be3604982b6","MatiFilozof","24-03-2019","mlr","regr.gausspr","regression_col_3","openml_rabe_166",12.3202,3.51,2.9267,0.9783
"187","bafa5a7fbbb8a8068b7167a29abfc89d","MatiFilozof","24-03-2019","mlr","regr.gausspr","regression_col_3","openml_rabe_166",100.6444,10.0322,7.0069,0.8904
"188","d6abd4b2b4bd7cfcfe3dc7d4be403f1f","MatiFilozof","24-03-2019","mlr","regr.plsr","regression_col_3","openml_rabe_166",8.595,2.9317,2.4889,0.9863
"189","f41a33c3668cae7548792c2a40d92656","MatiFilozof","24-03-2019","mlr","regr.svm","regression_col_3","openml_rabe_166",15.4147,3.9262,2.833,0.9795
"190","218c2b1b79c9dd35a575cdfed7bad2e6","MatiFilozof","24-03-2019","mlr","regr.plsr","regression_arrivals","openml_rmftsa_ctoarrivals",3389870741.8829,58222.5965,44443.6763,0.5179
"191","242c2e3054b8d20cb8cb020690550a65","MatiFilozof","24-03-2019","mlr","regr.plsr","regression_arrivals","openml_rmftsa_ctoarrivals",1193840241.4964,34551.9933,28544.289,0.8377
"192","276e21cd1ef4bf869d75a7ac9b5f8485","MatiFilozof","24-03-2019","mlr","regr.svm","regression_arrivals","openml_rmftsa_ctoarrivals",6767957923.4458,82267.5995,60597.9802,0.0857
"193","484dd6a26a4c2f8f85f933d2f044c7a7","MatiFilozof","24-03-2019","mlr","regr.svm","regression_arrivals","openml_rmftsa_ctoarrivals",1622265823.3077,40277.3612,30994.8834,0.7802
"194","9cbfa14091834a4219b35304908f996e","MatiFilozof","24-03-2019","mlr","regr.gausspr","regression_arrivals","openml_rmftsa_ctoarrivals",1196005446.5402,34583.3117,28254.4988,0.8375
"195","c779097b455904fcda98ba89fb00ab7e","MatiFilozof","24-03-2019","mlr","regr.gausspr","regression_arrivals","openml_rmftsa_ctoarrivals",556570291.6902,23591.742,16307.7245,0.9245
"196","f0192fe25e46545455932e8fe03cbb27","MatiFilozof","24-03-2019","mlr","regr.gausspr","regression_arrivals","openml_rmftsa_ctoarrivals",1196288044.3418,34587.3972,28251.0662,0.8375
"197","fd87a86f82f33ed7bdea94de3d375ae2","MatiFilozof","24-03-2019","mlr","regr.plsr","regression_arrivals","openml_rmftsa_ctoarrivals",1193840241.5131,34551.9933,28544.289,0.8377
"198","ff26f7036041536b5a9031f4b2ad9177","MatiFilozof","24-03-2019","mlr","regr.svm","regression_arrivals","openml_rmftsa_ctoarrivals",738763866.2496,27180.2109,19376.3085,0.9003
"199","d40320df7e960985cc5453d5480a898a","pysiakk","12-02-2019","caret","rlm","regression_heart_rate","openml_rmftsa-sleepdata",196.9509,14.0339,10.7625,0.1509
"200","111c0c4d671d90c6a063050c04f33e60","Pastuszka","13-02-2019","mlr","regr.gbm","regression_drinks","openml_liver-disorders",0.0148,0.1216,0.0983,0.2948
"201","b448cfe97f2329169b5bc927f9a9a70f","witoldmerkel","14-03-2019","mlr","regr.rpart","regression_V10","openml_Satellite",37.2544,6.1036,4.5088,0.8556
"202","e31585eb264a67cb9e3846bb7729eaa8","witoldmerkel","14-03-2019","mlr","regr.rpart","regression_V1","openml_Satellite",17.9928,4.2418,3.2725,0.872
"203","dfbb4163d6e0b2109c46d4166135689f","witoldmerkel","14-03-2019","mlr","regr.rpart","regression_V2","openml_Satellite",35.7258,5.9771,4.309,0.8609
"204","bf78d192ad1034d62c810d3d8fe0bfc9","witoldmerkel","14-03-2019","mlr","regr.rpart","regression_V3","openml_Satellite",24.9638,4.9964,3.8731,0.8975
"205","e7faa8ba2968b948b10c563e35206095","witoldmerkel","14-03-2019","mlr","regr.rpart","regression_V4","openml_Satellite",18.9037,4.3478,3.2894,0.8966
"206","123859070bddecbd876d99a25e2ca9d9","witoldmerkel","14-03-2019","mlr","regr.rpart","regression_V5","openml_Satellite",16.072,4.009,3.1192,0.8837
"207","8612e1589a3ae69b31298a1eaad6d824","witoldmerkel","14-03-2019","mlr","regr.rpart","regression_V6","openml_Satellite",32.0713,5.6632,4.2227,0.8717
"208","ff307228a24a4acb2d42b1cf13757d43","witoldmerkel","14-03-2019","mlr","regr.rpart","regression_V7","openml_Satellite",24.8522,4.9852,3.8887,0.8976
"209","63362687ada0bb98492d4629e75747de","witoldmerkel","14-03-2019","mlr","regr.rpart","regression_V8","openml_Satellite",20.4807,4.5256,3.4096,0.8865
"210","84704a517560b06ec84967457a340512","witoldmerkel","14-03-2019","mlr","regr.rpart","regression_V9","openml_Satellite",18.9916,4.3579,3.3544,0.8613
"211","9d85b0b5d75456fed4fd4a9ed5cdeed1","michalSt98","09-03-2019","mlr","regr.lm","regression_attrib1","openml_SEA(50)",6.4009,2.53,2.0904,0.2314
"212","a70b40e04322d838c572fc281fe4aa45","michalSt98","02-03-2019","mlr","regr.gbm","regression_attrib1","openml_Sea(50)",6.1931,2.4886,2.0534,0.2564
"213","3b3b244bb8c811eee2435d534406befe","mckraqs","02-03-2019","mlr","regr.rpart","regression_V1","openml_skin-segmentation",873.8637,29.5612,17.0011,0.7745
"214","8c3c97c4b2ef4c087f94b686d3259a58","mckraqs","02-03-2019","mlr","regr.gbm","regression_V1","openml_skin-segmentation",789.1462,28.0917,13.7631,0.7964
"215","55e054cbff6cc8c168b267c0580d2f9f","witoldmerkel","13-03-2019","caret","lm","regression_V3","openml_skin-segmentation",1666.558,40.8235,23.2412,0.6835
"216","29c6b36adac643aff36892df7a52e125","granatb","6-03-2019","mlr","regr.rpart","regression_total_sleep","openml_sleep",15.0181,NA,NA,NA
"217","c0bb588d8b218f212336b02de21e13e3","granatb","13-03-2019","caret","lm","regression_total_sleep","openml_sleep",35.2285,5.9354,3.6154,0.4854
"218","e1fbc409fc87a594b761e000ebd7607c","granatb","13-03-2019","caret","bayesglm","regression_total_sleep","openml_sleep",18.1565,4.261,3.0604,0.5353
"219","f26c495402a766d4720bf7dc8234231b","WojtekBogucki","09-03-2019","mlr","regr.gbm","regression_company1","openml_stock",3.2728,1.8091,1.3379,0.9715
"220","f8ae00a6a682727f96b301693f8fd631","WojtekBogucki","10-03-2019","caret","M5","regression_company2","openml_stock",1.9859,1.4092,0.8065,0.9847
"221","0e858b80930be53db33dc76ebb3e6218","MatiFilozof","24-03-2019","mlr","regr.gausspr","regression_fat","openml_tecator",40.2643,6.3454,3.5884,0.8165
"222","25235ad831e85e9eda2c2dfef2ae38f7","MatiFilozof","24-03-2019","mlr","regr.svm","regression_fat","openml_tecator",14.2161,3.7704,2.1185,0.9304
"223","3923acf76a9b339ea34b9754419420ae","MatiFilozof","24-03-2019","mlr","regr.plsr","regression_fat","openml_tecator",2.7107,1.6464,0.855,0.9882
"224","7468c25254ea7893ad1a061b86713862","MatiFilozof","24-03-2019","mlr","regr.plsr","regression_fat","openml_tecator",12.2868,3.5053,2.3653,0.9459
"225","7caedbb1d41acbf35f58d6636b7606c9","MatiFilozof","24-03-2019","mlr","regr.gausspr","regression_fat","openml_tecator",0.8897,0.9432,0.6408,0.9956
"226","a249f960b7d7340551c3f5967c34f781","MatiFilozof","24-03-2019","mlr","regr.plsr","regression_fat","openml_tecator",838641.563,915.7738,699.5263,-4725.6448
"227","b8f7db020a900c47da80033c2b271a98","MatiFilozof","24-03-2019","mlr","regr.svm","regression_fat","openml_tecator",12919.8658,113.6656,82.79,-69.9632
"228","f9beaa1aa8d40794f92991b14a0af38b","MatiFilozof","24-03-2019","mlr","regr.gausspr","regression_fat","openml_tecator",0.8897,0.9432,0.6408,0.9956
"229","fdacb5951bb702fb582b8973245ab815","MatiFilozof","24-03-2019","mlr","regr.svm","regression_fat","openml_tecator",152.8231,12.3622,8.2805,0.1915
"230","17b03d7093f50d514af7d2d351a9a702","DominikRafacz","24-03-2019","mlr","regr.plsr","regression_activity","openml_triazines",336976734716854016,580496972.1858,75683001.4895,-1.3325688884509e+19
"231","1b0fa88671657eb12404ec9a7f70e54e","DominikRafacz","24-03-2019","mlr","regr.svm","regression_activity","openml_triazines",0.0249,0.158,0.115,-0.0204
"232","1b59c32bcee8c4472a9fed2366ac6717","DominikRafacz","24-03-2019","mlr","regr.gausspr","regression_activity","openml_triazines",0.0207,0.1439,0.1081,0.085
"233","46748294cfa4ccb9f9333f218ebeed88","DominikRafacz","24-03-2019","mlr","regr.plsr","regression_activity","openml_triazines",1.69608413329838e+29,411835420198212,304156462028946,-8.28817035834138e+30
"234","806a82224e189be825f208c8888659ba","DominikRafacz","24-03-2019","mlr","regr.plsr","regression_activity","openml_triazines",0.4013,0.6334,0.4625,-14.4591
"235","8bead8617256c4133d7ef42f88e355e2","DominikRafacz","24-03-2019","mlr","regr.gausspr","regression_activity","openml_triazines",0.028,0.1674,0.1302,-0.271
"236","b46e52d85ed736f765a64c78264ad84a","DominikRafacz","24-03-2019","mlr","regr.gausspr","regression_activity","openml_triazines",0.0285,0.1687,0.1307,-0.2049
"237","de5f00b3148eabccd092549fe366171b","DominikRafacz","24-03-2019","mlr","regr.svm","regression_activity","openml_triazines",0.0212,0.1457,0.1022,0.1182
"238","e7a5580281b43d0c3e966c7840216512","DominikRafacz","24-03-2019","mlr","regr.svm","regression_activity","openml_triazines",0.0208,0.1441,0.1014,0.1331
"239","0ca72be37b5254b9a187b9c7a2dcacca","MatiFilozof","24-03-2019","mlr","regr.gausspr","regression_wind","openml_visualizing_environmental",8.2316,2.8691,2.2156,0.2788
"240","27fe33e606fa9fefcb3021d9833c0e52","MatiFilozof","24-03-2019","mlr","regr.svm","regression_wind","openml_visualizing_environmental",97.9351,9.8962,7.6199,-8.3746
"241","381ad80a21b05a85fb10a11f0f3ff93c","MatiFilozof","24-03-2019","mlr","regr.plsr","regression_wind","openml_visualizing_environmental",8.2356,2.8698,2.218,0.2776
"242","42ba4c2ed854b9d01c5728d870e0de11","MatiFilozof","24-03-2019","mlr","regr.plsr","regression_wind","openml_visualizing_environmental",8.2356,2.8698,2.218,0.2776
"243","44990c0005bf5370fd31fd3f72c70896","MatiFilozof","24-03-2019","mlr","regr.svm","regression_wind","openml_visualizing_environmental",9.9699,3.1575,2.3406,0.0806
"244","489950e99b972ac02ba96c69725ee83b","MatiFilozof","24-03-2019","mlr","regr.gausspr","regression_wind","openml_visualizing_environmental",9.5997,3.0983,2.4411,0.1587
"245","5d142e7ea509d1e51030c8e5ad72fe43","MatiFilozof","24-03-2019","mlr","regr.gausspr","regression_wind","openml_visualizing_environmental",8.2316,2.8691,2.2156,0.2788
"246","7ead85a2fe1cf0ded7a6857418e2dcd5","MatiFilozof","24-03-2019","mlr","regr.plsr","regression_wind","openml_visualizing_environmental",8.2356,2.8698,2.218,0.2776
"247","e92efade1d5310ba835ac68756945f38","MatiFilozof","24-03-2019","mlr","regr.svm","regression_wind","openml_visualizing_environmental",9.2598,3.043,2.3607,0.201
"248","16614e492ecb6d8e160b1b9b9ab706e6","MatiFilozof","24-03-2019","mlr","regr.svm","regression_resolution","openml_visualizing_slope",6.9026,2.6273,1.9257,0.6938
"249","58790fdc008ef06ddece291184abd451","MatiFilozof","24-03-2019","mlr","regr.gausspr","regression_resolution","openml_visualizing_slope",3.4822,1.8661,1.2417,0.8521
"250","736889df97ead4077335d900553f00b1","MatiFilozof","24-03-2019","mlr","regr.plsr","regression_resolution","openml_visualizing_slope",1.1931,1.0923,0.8363,0.9437
"251","76c71b39241c3c8f341b19c50a8564cf","MatiFilozof","24-03-2019","mlr","regr.plsr","regression_resolution","openml_visualizing_slope",1.1931,1.0923,0.8363,0.9437
"252","7e8ff8a9b5532ab618ee119f6e1d450d","MatiFilozof","24-03-2019","mlr","regr.gausspr","regression_resolution","openml_visualizing_slope",1.3631,1.1675,0.9131,0.9351
"253","bcd1546b4973b19c926b623b154534f0","MatiFilozof","24-03-2019","mlr","regr.plsr","regression_resolution","openml_visualizing_slope",1.1931,1.0923,0.8363,0.9437
"254","c2c1383c494d57a4edf871a0d6cfb513","MatiFilozof","24-03-2019","mlr","regr.gausspr","regression_resolution","openml_visualizing_slope",1.3631,1.1675,0.9131,0.9351
"255","d366c87a0877a725de40813cdb164345","MatiFilozof","24-03-2019","mlr","regr.svm","regression_resolution","openml_visualizing_slope",44.1866,6.6473,5.3699,-1.1741
"256","fd050326705ca27f4f7d53f7196a6b06","MatiFilozof","24-03-2019","mlr","regr.svm","regression_resolution","openml_visualizing_slope",1.7476,1.322,0.7464,0.9335
"257","0c67c4d8734709b4dd0665ef2bd607b1","MatiFilozof","24-03-2019","mlr","regr.svm","regression_MAL","openml_wind",1180193.3285,1086.367,703.4987,-26339.0064
"258","2d7d5e2e7ea4ed0292af848ffbf4ea59","MatiFilozof","24-03-2019","mlr","regr.gausspr","regression_MAL","openml_wind",10.8507,3.294,2.5237,0.758
"259","3452855b13eb2f14f855a8fd34d96ee6","MatiFilozof","24-03-2019","mlr","regr.plsr","regression_MAL","openml_wind",10.8508,3.2941,2.5237,0.758
"260","7e0dabcf0fe74f51c2053ef5ba57cec5","MatiFilozof","24-03-2019","mlr","regr.plsr","regression_MAL","openml_wind",10.8508,3.2941,2.5237,0.758
"261","90fd7a585f1ee4f6cd7b660aa0d569fb","MatiFilozof","24-03-2019","mlr","regr.svm","regression_MAL","openml_wind",9.0251,3.0042,2.2843,0.7987
"262","df496b91d9a717e2d6a688b22c66b963","MatiFilozof","24-03-2019","mlr","regr.svm","regression_MAL","openml_wind",16.0726,4.0091,2.9998,0.6413
"263","e338603abfe51d74dff8e503244146e1","MatiFilozof","24-03-2019","mlr","regr.gausspr","regression_MAL","openml_wind",10.8507,3.294,2.5237,0.758
"264","e652c7fb6197170589ee88e1fe4e76f8","MatiFilozof","24-03-2019","mlr","regr.plsr","regression_MAL","openml_wind",10.8508,3.2941,2.5237,0.758
"265","fc92c1fc20ab8699423d8a77a50dc87a","MatiFilozof","24-03-2019","mlr","regr.gausspr","regression_MAL","openml_wind",9.1767,3.0293,2.3072,0.7953
"266","41fe20df84fbd91227a1a826a49a3836","pmizinski","04-03-2019","mlr","regr.gbm","regression_V1","openml_wine-quality-white",0.2026,0.4502,0.3363,0.7152
"267","7dba8e98406844aa4589714967345d97","pmizinski","12-03-2019","caret","ranger","regression_V1","openml_wine-quality-white",0.2907,0.5392,0.3773,0.6226
"268","2383fb639b5cb83d799c948148174022","MatiFilozof","23-03-2019","mlr","regr.svm","regression_time","openml_wisconsin",1157.4125,34.0208,27.8865,0.0108
"269","3b3749a8f12a873bd686195b09211f6e","MatiFilozof","23-03-2019","mlr","regr.frbs","regression_time","openml_wisconsin",1580.6062,39.7568,30.217,-0.3591
"270","3c14716f63e96a0609b3a8ef8eb89d48","MatiFilozof","23-03-2019","mlr","regr.frbs","regression_time","openml_wisconsin",1875.9862,43.3127,33.5707,-0.5957
"271","3cc874950202c486122fac5992828e2e","MatiFilozof","23-03-2019","mlr","regr.frbs","regression_time","openml_wisconsin",1580.6062,39.7568,30.217,-0.3591
"272","4650d768154a3787cb9bf05e87a1595c","MatiFilozof","23-03-2019","mlr","regr.plsr","regression_time","openml_wisconsin",1160.6734,34.0687,27.9926,0.0091
"273","50ed2b5fe1dfb36bea894c965447554e","MatiFilozof","23-03-2019","mlr","regr.frbs","regression_time","openml_wisconsin",1875.9862,43.3127,33.5707,-0.5957
"274","5d65aa143964d4920945f5caae3332cf","MatiFilozof","23-03-2019","mlr","regr.frbs","regression_time","openml_wisconsin",2484.3926,49.8437,43.1017,-1.142
"275","7306cc05bf9d5322c8bd89f1070b41f9","MatiFilozof","23-03-2019","mlr","regr.svm","regression_time","openml_wisconsin",2224.9292,47.1692,34.3494,-0.929
"276","7dfbde24e2d7c53f3c0b5d834efbe8b8","MatiFilozof","23-03-2019","mlr","regr.plsr","regression_time","openml_wisconsin",3.01938994719954e+21,54948975852.1443,19839421337.7259,-2230600472982010112
"277","85d9ccb357e508add8ba9e8ae93fb47f","MatiFilozof","23-03-2019","mlr","regr.rvm","regression_time","openml_wisconsin",1411.8568,37.5747,29.8916,-0.2097
"278","9b97892b94db4763a004dceb2b7488d2","MatiFilozof","23-03-2019","mlr","regr.gausspr","regression_time","openml_wisconsin",1061.1377,32.5751,27.0328,0.0925
"279","aa43585b4711df73412ac4ad501f9249","MatiFilozof","23-03-2019","mlr","regr.frbs","regression_time","openml_wisconsin",1580.6062,39.7568,30.217,-0.3591
"280","ab76fdffa6ca19d82f18670c05f189aa","MatiFilozof","23-03-2019","mlr","regr.frbs","regression_time","openml_wisconsin",1516.6574,38.9443,30.8959,-0.3029
"281","ad7ee23ee9fefbe055695d9aae36db4a","MatiFilozof","23-03-2019","mlr","regr.gausspr","regression_time","openml_wisconsin",1098.1367,33.1381,27.6154,0.0609
"282","ae73ae4325fb00c01e2650e60e23c257","MatiFilozof","23-03-2019","mlr","regr.svm","regression_time","openml_wisconsin",1889.1542,43.4644,33.1248,-0.6066
"283","c4ed62be0dac8702f7214efa446bb72f","MatiFilozof","23-03-2019","mlr","regr.frbs","regression_time","openml_wisconsin",1875.9862,43.3127,33.5707,-0.5957
"284","d4a712619cb7c89177aef7014500899d","MatiFilozof","23-03-2019","mlr","regr.gausspr","regression_time","openml_wisconsin",1061.1377,32.5751,27.0328,0.0925
"285","d85bf29dc051d032ee2ae653ac2ecb13","MatiFilozof","23-03-2019","mlr","regr.plsr","regression_time","openml_wisconsin",1160.6662,34.0686,27.9925,0.0091
"286","db783ad6c5be6fc61089d5f5e5476a5f","MatiFilozof","23-03-2019","mlr","regr.plsr","regression_time","openml_wisconsin",1160.7692,34.0701,27.9865,0.0091
"287","fab17a7b15fe7003e6b0924eccabdeac","MatiFilozof","23-03-2019","mlr","regr.frbs","regression_time","openml_wisconsin",2531.0848,50.3099,38.0335,-1.1454
"288","1e04c699c47f99f06c58d3099054f69d","MatiFilozof","13-03-2019","caret","Independent Component Regression","regression_rings","toronto_abalone",6.7679,2.6015,1.8784,0.349
"289","965e71db06c360664524b9122e31512c","MatiFilozof","13-03-2019","mlr","Neural Network","regression_rings","toronto_abalone",4.2953,2.0725,1.4647,0.5859
"290","79cdcbed3ab962905f6918ed74554846","MatiFilozof","13-03-2019","mlr","Decision Tree","regression_vedge.mean","toronto_image-seg",2.1144,1.4541,0.6903,0.6958
