"","model","ntrees","mtry","nodesize","target"
"1","classif.randomForest",5750,"4","3",0.5844
"2","classif.cforest",3350,"1","1",0.6259
"3","classif.randomForestSRC",3050,"1","7",0.6225
"4","classif.randomForest",650,"2","2",0.5961
"5","classif.randomForest",9350,"2","3",0.5933
"6","classif.randomForestSRC",1850,"1","1",0.6235
"7","classif.randomForestSRC",1250,"1","7",0.6312
"8","classif.randomForestSRC",5750,"2","7",0.6207
"9","classif.randomForest",9950,"3","1",0.5692
"10","classif.cforest",2750,"2","1",0.6273
"11","classif.randomForest",650,"4","1",0.554
"12","classif.randomForestSRC",2450,"4","7",0.5933
"13","classif.randomForest",8750,"1","3",0.5778
"14","classif.randomForest",6950,"3","1",0.572
"15","classif.randomForest",2450,"2","3",0.5954
"16","classif.randomForest",7850,"2","1",0.5965
"17","classif.randomForest",7550,"4","3",0.5755
"18","classif.randomForestSRC",4550,"4","3",0.6027
"19","classif.h2o.randomForest",4700,"2","4700",0.6075
"20","classif.randomForestSRC",6050,"3","2",0.5934
"21","classif.randomForestSRC",8450,"1","7",0.6274
"22","classif.h2o.randomForest",2700,"2","2700",0.5959
"23","classif.cforest",3350,"3","1",0.6318
"24","classif.randomForestSRC",2750,"3","3",0.5965
"25","classif.randomForestSRC",2450,"3","2",0.5904
"26","classif.randomForestSRC",950,"2","1",0.598
"27","classif.randomForestSRC",9050,"4","3",0.5997
"28","classif.randomForestSRC",9350,"2","2",0.6006
"29","classif.randomForestSRC",6050,"2","7",0.6205
"30","classif.randomForest",3650,"1","3",0.5861
"31","classif.randomForest",4850,"3","3",0.5877
"32","classif.randomForestSRC",6050,"1","7",0.6229
"33","classif.randomForestSRC",3050,"3","2",0.5963
"34","classif.randomForest",6950,"2","7",0.6036
"35","classif.randomForest",4850,"4","1",0.5772
"36","classif.randomForestSRC",9350,"2","1",0.5978
"37","classif.randomForest",3650,"4","1",0.5735
"38","classif.randomForestSRC",1250,"3","3",0.5957
"39","classif.randomForest",4550,"3","7",0.6023
"40","classif.h2o.randomForest",7200,"1","7200",0.6171
"41","classif.randomForest",5150,"3","1",0.5694
"42","classif.h2o.randomForest",1700,"2","1700",0.5976
"43","classif.randomForest",3950,"1","1",0.5735
"44","classif.randomForestSRC",2450,"4","2",0.5927
"45","classif.randomForestSRC",1250,"1","3",0.6234
"46","classif.randomForestSRC",2450,"3","1",0.5903
"47","classif.cforest",350,"4","1",0.6222
"48","classif.randomForestSRC",2150,"1","1",0.6243
"49","classif.randomForestSRC",3050,"1","2",0.6238
"50","classif.randomForest",1550,"4","7",0.6023
"51","classif.randomForest",6050,"2","3",0.5973
"52","classif.randomForest",650,"2","7",0.5957
"53","classif.randomForestSRC",5450,"1","2",0.6301
"54","classif.randomForestSRC",5750,"3","7",0.6047
"55","classif.randomForestSRC",3650,"3","2",0.5903
"56","classif.randomForest",5450,"2","1",0.5921
"57","classif.randomForest",4550,"1","7",0.5875
"58","classif.randomForest",9050,"1","1",0.5766
"59","classif.randomForestSRC",6650,"2","1",0.5946
"60","classif.randomForest",1250,"3","7",0.6027
"61","classif.cforest",4850,"4","1",0.6223
"62","classif.randomForest",7550,"1","2",0.5745
"63","classif.randomForestSRC",4550,"2","7",0.6234
"64","classif.randomForest",9650,"1","2",0.575
"65","classif.cforest",9050,"4","1",0.6223
"66","classif.randomForest",1550,"2","1",0.5958
"67","classif.randomForestSRC",3650,"1","3",0.6313
"68","classif.cforest",2150,"1","1",0.6274
"69","classif.randomForest",2750,"1","3",0.5874
"70","classif.cforest",7550,"2","2",0.6303
"71","classif.randomForestSRC",7850,"2","2",0.5993
"72","classif.randomForest",3050,"1","1",0.5679
"73","classif.randomForest",8750,"2","3",0.5941
"74","classif.cforest",9950,"4","1",0.624
"75","classif.randomForest",6350,"2","3",0.5985
"76","classif.randomForest",350,"1","2",0.5546
"77","classif.randomForestSRC",4550,"2","2",0.5985
"78","classif.randomForest",2750,"4","2",0.5718
"79","classif.randomForestSRC",2750,"4","7",0.5991
"80","classif.randomForestSRC",6050,"3","1",0.5917
"81","classif.cforest",8450,"1","2",0.6256
"82","classif.randomForestSRC",1250,"1","2",0.6233
"83","classif.randomForestSRC",5150,"3","3",0.5973
"84","classif.randomForestSRC",6650,"1","2",0.628
"85","classif.randomForestSRC",1250,"2","2",0.5959
"86","classif.randomForest",6050,"1","3",0.587
"87","classif.randomForest",8750,"2","2",0.5911
"88","classif.randomForestSRC",8750,"1","3",0.6313
"89","classif.randomForestSRC",1850,"3","2",0.593
"90","classif.cforest",8150,"4","1",0.624
"91","classif.randomForestSRC",8750,"1","1",0.6292
"92","classif.randomForest",9650,"2","2",0.5867
"93","classif.randomForest",9050,"4","2",0.5758
"94","classif.cforest",4550,"3","1",0.6282
"95","classif.randomForest",1550,"3","1",0.5674
"96","classif.h2o.randomForest",8900,"2","8900",0.6016
"97","classif.randomForest",9650,"1","7",0.5901
"98","classif.randomForestSRC",2450,"3","7",0.6053
"99","classif.randomForest",6050,"3","2",0.5892
"100","classif.randomForest",7250,"1","2",0.5764
"101","classif.cforest",350,"3","2",0.6307
"102","classif.cforest",9650,"1","2",0.6262
"103","classif.randomForest",8450,"1","1",0.5767
"104","classif.cforest",8750,"1","2",0.6263
"105","classif.randomForest",9950,"4","2",0.5733
"106","classif.randomForestSRC",5750,"3","2",0.5925
"107","classif.randomForestSRC",950,"4","1",0.5771
"108","classif.cforest",1250,"3","2",0.6314
"109","classif.randomForest",9650,"2","3",0.5967
"110","classif.randomForest",8150,"4","1",0.578
"111","classif.randomForestSRC",4550,"3","3",0.5946
"112","classif.randomForest",8450,"4","3",0.577
"113","classif.randomForest",3950,"4","1",0.5695
"114","classif.randomForest",7250,"4","7",0.5963
"115","classif.randomForestSRC",4850,"3","1",0.5956
"116","classif.randomForest",1250,"3","3",0.5811
"117","classif.randomForestSRC",6650,"3","7",0.6091
"118","classif.randomForestSRC",1850,"2","1",0.6008
"119","classif.h2o.randomForest",1200,"2","1200",0.5981
"120","classif.randomForestSRC",6950,"4","1",0.5896
"121","classif.randomForestSRC",2450,"1","1",0.631
"122","classif.randomForestSRC",4550,"4","1",0.5908
"123","classif.randomForestSRC",7550,"1","1",0.6322
"124","classif.randomForest",9350,"4","1",0.5783
"125","classif.randomForestSRC",7250,"4","3",0.5953
"126","classif.randomForestSRC",50,"4","3",0.599
"127","classif.randomForestSRC",6950,"3","7",0.6047
"128","classif.randomForest",1550,"4","3",0.5766
"129","classif.randomForestSRC",3050,"3","1",0.5936
"130","classif.randomForestSRC",7250,"2","7",0.6234
"131","classif.randomForestSRC",8150,"2","7",0.626
"132","classif.randomForest",6650,"1","3",0.5871
"133","classif.randomForestSRC",8450,"3","1",0.5909
"134","classif.randomForestSRC",2750,"3","2",0.5898
"135","classif.randomForest",9350,"4","7",0.5956
"136","classif.randomForestSRC",5150,"1","7",0.6223
"137","classif.randomForest",4850,"1","3",0.5845
"138","classif.randomForestSRC",350,"3","3",0.5874
"139","classif.randomForestSRC",2750,"2","7",0.6242
"140","classif.cforest",1850,"4","1",0.627
"141","classif.randomForest",3950,"3","1",0.5693
"142","classif.randomForestSRC",7850,"3","1",0.5957
"143","classif.randomForest",8150,"4","3",0.5814
"144","classif.randomForest",1550,"2","2",0.5996
"145","classif.cforest",950,"2","2",0.627
"146","classif.randomForestSRC",350,"3","2",0.5993
"147","classif.cforest",7250,"3","1",0.6316
"148","classif.randomForest",4850,"1","2",0.5859
"149","classif.randomForest",6950,"1","1",0.5805
"150","classif.randomForestSRC",1550,"1","7",0.6174
"151","classif.randomForest",3950,"4","2",0.5709
"152","classif.cforest",8750,"4","1",0.6229
"153","classif.randomForestSRC",350,"3","7",0.6029
"154","classif.randomForestSRC",5150,"2","7",0.6223
"155","classif.cforest",6350,"1","2",0.6246
"156","classif.randomForestSRC",2450,"2","1",0.5955
"157","classif.randomForest",6050,"3","3",0.5847
"158","classif.randomForest",2150,"4","1",0.5716
"159","classif.randomForestSRC",3050,"2","1",0.598
"160","classif.randomForestSRC",8450,"4","3",0.5966
"161","classif.randomForest",4250,"1","3",0.582
"162","classif.cforest",1550,"1","1",0.6225
"163","classif.cforest",650,"1","1",0.6279
"164","classif.randomForest",2450,"4","2",0.5718
"165","classif.randomForestSRC",1850,"1","2",0.6235
"166","classif.randomForest",350,"2","2",0.5929
"167","classif.cforest",1550,"1","2",0.6225
"168","classif.cforest",2450,"2","2",0.6297
"169","classif.randomForestSRC",6650,"1","1",0.6322
"170","classif.randomForest",3950,"3","7",0.6018
"171","classif.randomForest",3050,"3","7",0.5999
"172","classif.randomForest",9050,"3","1",0.5709
"173","classif.cforest",3050,"3","1",0.6296
"174","classif.randomForestSRC",5150,"1","3",0.6302
"175","classif.randomForestSRC",5750,"1","7",0.6243
"176","classif.randomForestSRC",1250,"1","1",0.6242
"177","classif.randomForestSRC",1250,"3","7",0.6118
"178","classif.cforest",7550,"1","1",0.6251
"179","classif.randomForest",1850,"2","7",0.5887
"180","classif.randomForestSRC",50,"3","7",0.6051
"181","classif.cforest",6050,"4","1",0.6235
"182","classif.randomForest",1850,"2","1",0.6006
"183","classif.randomForest",6650,"2","3",0.5955
"184","classif.cforest",50,"1","2",0.6075
"185","classif.randomForest",5150,"2","7",0.6044
"186","classif.randomForestSRC",8150,"4","2",0.5879
"187","classif.randomForest",2750,"4","7",0.5911
"188","classif.cforest",3050,"1","2",0.6251
"189","classif.cforest",350,"2","1",0.6226
"190","classif.randomForestSRC",8750,"1","2",0.6331
"191","classif.randomForest",3950,"1","3",0.5856
"192","classif.randomForest",6350,"4","7",0.5933
"193","classif.cforest",4550,"4","1",0.6242
"194","classif.randomForestSRC",7850,"2","7",0.6217
"195","classif.randomForest",6350,"4","3",0.5866
"196","classif.randomForestSRC",5450,"2","1",0.5997
"197","classif.randomForestSRC",9050,"1","1",0.6265
"198","classif.cforest",6050,"2","1",0.6297
"199","classif.randomForest",8450,"4","7",0.594
"200","classif.cforest",1250,"3","1",0.6314
"201","classif.randomForestSRC",950,"1","3",0.6257
"202","classif.randomForest",7250,"1","7",0.5893
"203","classif.randomForest",3350,"2","3",0.5973
"204","classif.cforest",3350,"4","1",0.6198
"205","classif.randomForestSRC",1550,"1","1",0.6287
"206","classif.randomForest",50,"2","3",0.6008
"207","classif.cforest",3650,"3","1",0.6323
"208","classif.cforest",6350,"4","1",0.6229
"209","classif.randomForestSRC",4550,"1","2",0.6312
"210","classif.randomForest",3050,"2","3",0.6007
"211","classif.randomForestSRC",8450,"3","3",0.5998
"212","classif.randomForest",2750,"1","2",0.5806
"213","classif.randomForestSRC",1250,"2","1",0.5863
"214","classif.randomForest",2750,"1","7",0.5891
"215","classif.randomForest",5150,"4","3",0.5841
"216","classif.randomForest",1550,"1","1",0.5867
"217","classif.randomForestSRC",350,"2","2",0.6049
"218","classif.randomForestSRC",9650,"3","3",0.6014
"219","classif.cforest",2750,"2","2",0.6273
"220","classif.randomForest",3950,"2","2",0.5884
"221","classif.randomForestSRC",1550,"2","2",0.5929
"222","classif.randomForestSRC",4250,"3","3",0.6001
"223","classif.randomForest",8450,"2","1",0.59
"224","classif.randomForestSRC",2150,"2","1",0.5942
"225","classif.randomForest",2450,"4","1",0.5691
"226","classif.randomForest",950,"4","1",0.5786
"227","classif.randomForestSRC",7550,"4","7",0.5943
"228","classif.randomForestSRC",1850,"4","7",0.6015
"229","classif.randomForestSRC",8150,"4","3",0.5954
"230","classif.randomForestSRC",6050,"4","1",0.587
"231","classif.randomForestSRC",650,"1","3",0.6181
"232","classif.randomForestSRC",4250,"1","7",0.6265
"233","classif.cforest",9950,"2","1",0.6326
"234","classif.randomForest",3050,"3","1",0.5724
"235","classif.randomForestSRC",7250,"1","7",0.6293
"236","classif.randomForestSRC",4250,"2","3",0.6089
"237","classif.randomForestSRC",50,"2","3",0.6078
"238","classif.randomForestSRC",50,"2","7",0.6094
"239","classif.randomForest",6950,"1","3",0.5866
"240","classif.randomForest",9950,"2","2",0.5947
"241","classif.cforest",1550,"2","2",0.6355
"242","classif.randomForestSRC",9050,"4","1",0.592
"243","classif.randomForestSRC",950,"2","7",0.623
"244","classif.randomForest",650,"2","3",0.5906
"245","classif.cforest",4550,"2","1",0.635
"246","classif.cforest",4850,"2","2",0.6333
"247","classif.h2o.randomForest",7500,"2","7500",0.5954
"248","classif.cforest",3650,"3","2",0.6323
"249","classif.randomForest",4850,"3","7",0.5993
"250","classif.randomForest",1250,"1","7",0.5814
"251","classif.randomForestSRC",8150,"2","2",0.6004
"252","classif.randomForest",7550,"4","7",0.5929
"253","classif.cforest",4850,"2","1",0.6333
"254","classif.randomForest",9050,"1","3",0.5802
"255","classif.randomForest",9350,"3","1",0.5718
"256","classif.randomForestSRC",1850,"2","7",0.6307
"257","classif.randomForestSRC",9950,"4","1",0.5897
"258","classif.randomForestSRC",950,"1","1",0.6274
"259","classif.randomForestSRC",7250,"1","1",0.6293
"260","classif.randomForest",9950,"3","7",0.6031
"261","classif.cforest",9350,"4","1",0.6229
"262","classif.randomForest",1850,"1","2",0.5859
"263","classif.cforest",7250,"4","1",0.6247
"264","classif.randomForest",4250,"1","2",0.5831
"265","classif.randomForest",2450,"2","1",0.5878
"266","classif.cforest",6650,"2","2",0.6314
"267","classif.randomForest",50,"3","3",0.5762
"268","classif.randomForest",6050,"1","1",0.5808
"269","classif.randomForest",1850,"4","1",0.5605
"270","classif.randomForest",950,"2","2",0.6028
"271","classif.randomForestSRC",7550,"4","3",0.5939
"272","classif.randomForestSRC",9050,"2","2",0.5977
"273","classif.randomForest",1550,"3","3",0.5793
"274","classif.randomForest",2750,"2","2",0.5964
"275","classif.randomForestSRC",7250,"3","7",0.5995
"276","classif.randomForestSRC",2750,"4","3",0.5882
"277","classif.randomForest",2450,"2","7",0.5925
"278","classif.randomForest",9950,"3","2",0.5785
"279","classif.randomForestSRC",9650,"4","1",0.5911
"280","classif.randomForest",5750,"1","1",0.5797
"281","classif.randomForestSRC",9050,"3","3",0.5959
"282","classif.randomForest",7250,"4","2",0.5768
"283","classif.h2o.randomForest",5400,"2","5400",0.6035
"284","classif.randomForestSRC",4850,"4","2",0.5942
"285","classif.randomForestSRC",3050,"2","7",0.6219
"286","classif.randomForest",3950,"1","2",0.5825
"287","classif.randomForest",6650,"3","2",0.5844
"288","classif.randomForest",2150,"3","1",0.5614
"289","classif.randomForestSRC",3350,"4","3",0.5992
"290","classif.randomForest",5150,"4","7",0.5968
"291","classif.randomForestSRC",7850,"1","7",0.6272
"292","classif.randomForest",6650,"3","3",0.5893
"293","classif.randomForestSRC",5750,"4","3",0.5921
"294","classif.randomForestSRC",6950,"3","2",0.5929
"295","classif.h2o.randomForest",5200,"1","5200",0.618
"296","classif.randomForestSRC",1850,"2","3",0.6058
"297","classif.randomForestSRC",7850,"4","1",0.5904
"298","classif.randomForestSRC",4850,"2","3",0.6116
"299","classif.randomForestSRC",1250,"3","1",0.5819
"300","classif.cforest",3950,"1","1",0.6252
"301","classif.randomForest",6950,"3","3",0.5856
"302","classif.randomForest",7850,"3","7",0.603
"303","classif.randomForest",9650,"4","2",0.5739
"304","classif.randomForestSRC",1550,"1","2",0.6227
"305","classif.randomForestSRC",350,"2","7",0.6173
"306","classif.randomForestSRC",2750,"1","3",0.6265
"307","classif.randomForest",9350,"1","7",0.5921
"308","classif.randomForest",650,"1","2",0.5779
"309","classif.cforest",9950,"2","2",0.6326
"310","classif.randomForest",8450,"2","2",0.5944
"311","classif.randomForestSRC",9650,"2","7",0.6217
"312","classif.randomForestSRC",1550,"3","1",0.5918
"313","classif.cforest",3050,"4","1",0.6193
"314","classif.randomForest",6950,"4","7",0.5903
"315","classif.h2o.randomForest",6800,"2","6800",0.5972
"316","classif.randomForestSRC",3350,"4","1",0.5775
"317","classif.randomForestSRC",4550,"1","1",0.6283
"318","classif.randomForest",1850,"2","2",0.5971
"319","classif.randomForestSRC",3350,"4","2",0.5912
"320","classif.cforest",6650,"1","1",0.6251
"321","classif.randomForestSRC",5150,"2","3",0.6088
"322","classif.randomForestSRC",9950,"3","3",0.6033
"323","classif.randomForestSRC",6350,"2","3",0.6065
"324","classif.randomForestSRC",3350,"1","1",0.6345
"325","classif.randomForest",3350,"2","7",0.6059
"326","classif.randomForestSRC",9350,"1","2",0.6324
"327","classif.randomForestSRC",8750,"1","7",0.6266
"328","classif.h2o.randomForest",350,"1","350",0.6242
"329","classif.randomForest",8150,"3","7",0.6005
"330","classif.randomForestSRC",6350,"3","7",0.6076
"331","classif.randomForest",7850,"4","3",0.5768
"332","classif.cforest",3950,"1","2",0.6252
"333","classif.randomForestSRC",50,"1","3",0.6172
"334","classif.randomForest",7850,"1","7",0.5908
"335","classif.randomForest",4250,"1","7",0.5866
"336","classif.randomForest",6350,"2","2",0.5959
"337","classif.randomForest",5450,"2","7",0.6046
"338","classif.randomForest",3950,"2","3",0.5937
"339","classif.randomForest",8750,"3","1",0.5715
"340","classif.cforest",3650,"2","1",0.6348
"341","classif.randomForestSRC",4850,"3","3",0.5978
"342","classif.randomForestSRC",9950,"3","1",0.5892
"343","classif.randomForest",7250,"3","3",0.5835
"344","classif.randomForestSRC",6650,"4","7",0.5976
"345","classif.cforest",3650,"4","1",0.6222
"346","classif.randomForest",9050,"2","2",0.5928
"347","classif.randomForestSRC",2750,"1","7",0.6231
"348","classif.cforest",5450,"3","2",0.6296
"349","classif.randomForestSRC",3050,"4","3",0.5959
"350","classif.randomForestSRC",5450,"4","1",0.5861
"351","classif.cforest",5150,"1","2",0.6263
"352","classif.randomForestSRC",2150,"1","3",0.6242
"353","classif.randomForest",6050,"1","2",0.5891
"354","classif.cforest",3950,"3","1",0.6323
"355","classif.randomForest",5450,"1","1",0.5767
"356","classif.randomForest",9650,"1","3",0.5764
"357","classif.randomForest",3950,"2","7",0.5946
"358","classif.randomForest",4250,"4","2",0.5687
"359","classif.randomForestSRC",350,"4","7",0.5976
"360","classif.randomForestSRC",8450,"1","2",0.634
"361","classif.cforest",3950,"4","1",0.6239
"362","classif.randomForest",1250,"2","7",0.5899
"363","classif.randomForestSRC",5150,"3","7",0.6041
"364","classif.randomForestSRC",1250,"4","1",0.5904
"365","classif.h2o.randomForest",1200,"1","1200",0.618
"366","classif.randomForestSRC",9950,"4","2",0.5886
"367","classif.cforest",7250,"2","2",0.6309
"368","classif.randomForestSRC",9650,"1","1",0.6343
"369","classif.h2o.randomForest",1200,"2","1200",0.6141
"370","classif.randomForest",7550,"3","1",0.5765
"371","classif.randomForest",6050,"3","7",0.6052
"372","classif.randomForestSRC",4250,"3","7",0.6009
"373","classif.randomForest",2150,"2","3",0.5934
"374","classif.randomForest",8750,"3","2",0.5803
"375","classif.randomForest",9650,"4","7",0.5954
"376","classif.randomForest",6650,"4","3",0.5861
"377","classif.randomForest",5450,"2","3",0.5957
"378","classif.randomForestSRC",9350,"3","7",0.6065
"379","classif.randomForest",1550,"3","2",0.5772
"380","classif.randomForest",350,"2","7",0.5905
"381","classif.cforest",9950,"1","2",0.6268
"382","classif.randomForest",1250,"4","1",0.566
"383","classif.randomForestSRC",5750,"2","3",0.6087
"384","classif.randomForestSRC",6350,"4","7",0.5976
"385","classif.cforest",2450,"3","1",0.6331
"386","classif.randomForestSRC",3650,"4","2",0.5919
"387","classif.randomForest",3650,"2","2",0.5935
"388","classif.randomForestSRC",6650,"1","3",0.6309
"389","classif.randomForestSRC",9050,"1","3",0.6286
"390","classif.randomForest",350,"2","1",0.6089
"391","classif.randomForest",350,"4","3",0.588
"392","classif.randomForestSRC",7250,"2","3",0.606
"393","classif.randomForestSRC",2150,"1","7",0.6267
"394","classif.randomForestSRC",650,"4","2",0.5917
"395","classif.randomForest",9650,"3","1",0.5734
"396","classif.randomForestSRC",9650,"3","7",0.6059
"397","classif.randomForestSRC",7550,"3","1",0.5922
"398","classif.randomForestSRC",8750,"2","1",0.5943
"399","classif.randomForestSRC",6650,"2","2",0.6041
"400","classif.cforest",3050,"2","1",0.6333
"401","classif.cforest",950,"3","2",0.6287
"402","classif.cforest",4550,"3","2",0.6282
"403","classif.h2o.randomForest",700,"1","700",0.6214
"404","classif.randomForest",5750,"3","7",0.5998
"405","classif.randomForest",3350,"4","3",0.5784
"406","classif.randomForestSRC",4550,"3","1",0.5884
"407","classif.randomForestSRC",4550,"4","7",0.5965
"408","classif.randomForestSRC",5150,"2","1",0.5896
"409","classif.randomForestSRC",50,"2","1",0.5719
"410","classif.cforest",9350,"2","1",0.6308
"411","classif.randomForestSRC",5750,"3","3",0.5981
"412","classif.randomForest",4550,"2","3",0.5968
"413","classif.randomForestSRC",6950,"2","7",0.6224
"414","classif.randomForestSRC",9350,"1","3",0.6287
"415","classif.cforest",6650,"3","2",0.6294
"416","classif.randomForest",7250,"3","7",0.6048
"417","classif.randomForest",6350,"1","3",0.5855
"418","classif.randomForest",5150,"2","2",0.5924
"419","classif.randomForestSRC",7550,"1","7",0.6285
"420","classif.h2o.randomForest",4700,"2","4700",0.6029
"421","classif.randomForestSRC",3950,"3","1",0.5938
"422","classif.cforest",4250,"3","1",0.6288
"423","classif.randomForest",4850,"1","7",0.5933
"424","classif.randomForest",6650,"3","1",0.5709
"425","classif.randomForestSRC",7550,"3","2",0.5937
"426","classif.randomForestSRC",650,"4","7",0.604
"427","classif.randomForest",9050,"4","3",0.5853
"428","classif.randomForestSRC",4250,"1","1",0.6288
"429","classif.randomForestSRC",950,"3","1",0.5816
"430","classif.randomForestSRC",1850,"3","7",0.6089
"431","classif.randomForest",8150,"3","2",0.5843
"432","classif.randomForest",4250,"1","1",0.5747
"433","classif.randomForestSRC",6050,"1","3",0.6296
"434","classif.randomForestSRC",3650,"1","2",0.6302
"435","classif.cforest",9650,"1","1",0.6262
"436","classif.randomForestSRC",8450,"4","7",0.5971
"437","classif.randomForestSRC",6350,"3","3",0.6019
"438","classif.randomForest",5150,"2","1",0.5938
"439","classif.cforest",6350,"3","2",0.6318
"440","classif.randomForest",4850,"3","1",0.5719
"441","classif.cforest",1250,"1","2",0.6248
"442","classif.randomForestSRC",6950,"2","2",0.5985
"443","classif.randomForest",1550,"1","2",0.5778
"444","classif.randomForest",5750,"2","2",0.598
"445","classif.randomForestSRC",7850,"4","2",0.5957
"446","classif.randomForestSRC",9950,"2","3",0.6082
"447","classif.randomForestSRC",3950,"3","3",0.5991
"448","classif.cforest",5150,"2","1",0.6336
"449","classif.randomForestSRC",2150,"3","3",0.5913
"450","classif.randomForestSRC",9950,"3","7",0.6017
"451","classif.randomForest",4250,"2","7",0.6017
"452","classif.randomForestSRC",650,"3","1",0.6011
"453","classif.randomForestSRC",7250,"2","1",0.5928
"454","classif.randomForest",6950,"1","7",0.5888
"455","classif.randomForest",6650,"3","7",0.6049
"456","classif.cforest",1250,"1","1",0.6248
"457","classif.cforest",4250,"1","1",0.6265
"458","classif.randomForest",7550,"2","2",0.5908
"459","classif.randomForestSRC",1850,"4","3",0.597
"460","classif.cforest",8150,"1","1",0.6258
"461","classif.randomForest",4550,"4","3",0.5871
"462","classif.cforest",5150,"3","2",0.6294
"463","classif.randomForestSRC",6650,"3","2",0.5935
"464","classif.randomForestSRC",7550,"2","3",0.6101
"465","classif.randomForest",50,"3","2",0.5774
"466","classif.randomForestSRC",9650,"3","2",0.5959
"467","classif.randomForest",9950,"1","3",0.5755
"468","classif.h2o.randomForest",700,"2","700",0.6075
"469","classif.cforest",4550,"2","2",0.635
"470","classif.randomForest",3050,"3","3",0.5846
"471","classif.randomForest",7850,"4","7",0.594
"472","classif.randomForest",9950,"1","1",0.5762
"473","classif.randomForestSRC",2150,"4","1",0.5926
"474","classif.randomForestSRC",7850,"1","2",0.6287
"475","classif.randomForest",1850,"2","3",0.5865
"476","classif.randomForestSRC",6350,"1","7",0.6266
"477","classif.randomForest",8750,"3","3",0.5843
"478","classif.randomForest",6350,"1","1",0.5825
"479","classif.randomForest",3950,"4","7",0.5927
"480","classif.randomForest",8450,"1","2",0.5757
"481","classif.randomForest",3050,"4","2",0.5739
"482","classif.randomForest",6350,"2","7",0.6024
"483","classif.randomForestSRC",8150,"2","3",0.6069
"484","classif.h2o.randomForest",5700,"1","5700",0.6173
"485","classif.cforest",950,"1","1",0.6229
"486","classif.randomForestSRC",4850,"4","7",0.5943
"487","classif.cforest",50,"2","1",0.618
"488","classif.randomForestSRC",6650,"2","7",0.6225
"489","classif.randomForestSRC",3950,"3","2",0.5963
"490","classif.randomForestSRC",5450,"1","1",0.6322
"491","classif.cforest",650,"3","1",0.6294
"492","classif.cforest",6050,"3","1",0.6312
"493","classif.randomForest",5150,"1","2",0.5833
"494","classif.randomForest",9650,"1","1",0.5772
"495","classif.randomForest",3350,"1","3",0.5916
"496","classif.randomForestSRC",4850,"1","1",0.6248
"497","classif.randomForest",6650,"1","2",0.5844
"498","classif.randomForestSRC",50,"1","7",0.6277
"499","classif.cforest",7250,"1","1",0.6263
"500","classif.randomForest",2150,"4","3",0.5718
"501","classif.cforest",1850,"1","2",0.6263
"502","classif.randomForest",8450,"4","2",0.5754
"503","classif.randomForest",8450,"3","1",0.5749
"504","classif.randomForestSRC",5150,"4","2",0.588
"505","classif.randomForest",6950,"3","2",0.5842
"506","classif.randomForest",5450,"4","1",0.5783
"507","classif.cforest",4250,"3","2",0.6288
"508","classif.randomForestSRC",650,"1","7",0.6325
"509","classif.randomForest",5450,"1","7",0.5948
"510","classif.randomForest",8750,"3","7",0.6044
"511","classif.cforest",9350,"1","2",0.6279
"512","classif.randomForest",7250,"3","2",0.5853
"513","classif.randomForest",1250,"1","3",0.5949
"514","classif.randomForest",950,"2","3",0.5938
"515","classif.randomForest",4550,"3","2",0.5794
"516","classif.randomForest",4550,"3","1",0.5686
"517","classif.randomForestSRC",6650,"3","3",0.5992
"518","classif.cforest",7550,"2","1",0.6303
"519","classif.randomForestSRC",8150,"1","7",0.6271
"520","classif.randomForest",3650,"3","2",0.5782
"521","classif.randomForestSRC",1850,"4","1",0.5871
"522","classif.cforest",3950,"2","2",0.6344
"523","classif.randomForestSRC",50,"2","2",0.5774
"524","classif.randomForest",2150,"3","2",0.5784
"525","classif.randomForest",2450,"4","7",0.5923
"526","classif.randomForest",8450,"3","7",0.6029
"527","classif.randomForest",1550,"2","3",0.5878
"528","classif.randomForestSRC",6950,"4","7",0.5975
"529","classif.cforest",650,"1","2",0.6279
"530","classif.cforest",4250,"4","1",0.6223
"531","classif.randomForest",7250,"2","2",0.5932
"532","classif.cforest",5450,"3","1",0.6296
"533","classif.randomForestSRC",6950,"1","3",0.6307
"534","classif.randomForestSRC",4250,"3","1",0.5918
"535","classif.cforest",50,"3","2",0.6407
"536","classif.randomForestSRC",2150,"1","2",0.6259
"537","classif.randomForest",3350,"3","1",0.5683
"538","classif.cforest",3050,"1","1",0.6251
"539","classif.randomForest",2150,"2","2",0.6047
"540","classif.randomForest",8150,"4","2",0.5738
"541","classif.randomForest",2750,"3","1",0.57
"542","classif.randomForestSRC",6050,"3","7",0.6073
"543","classif.cforest",1850,"2","1",0.6314
"544","classif.h2o.randomForest",4700,"1","4700",0.6175
"545","classif.randomForest",650,"1","7",0.5668
"546","classif.randomForest",3350,"4","2",0.5648
"547","classif.randomForest",9050,"3","2",0.5814
"548","classif.randomForestSRC",9050,"4","2",0.592
"549","classif.randomForestSRC",350,"2","3",0.604
"550","classif.h2o.randomForest",2200,"2","2200",0.5903
"551","classif.h2o.randomForest",6200,"1","6200",0.6172
"552","classif.randomForestSRC",9950,"1","2",0.6316
"553","classif.randomForest",950,"3","2",0.5713
"554","classif.randomForestSRC",9050,"3","7",0.6003
"555","classif.randomForestSRC",2450,"2","3",0.6047
"556","classif.h2o.randomForest",8200,"1","8200",0.6198
"557","classif.randomForestSRC",50,"4","7",0.599
"558","classif.randomForestSRC",1250,"2","7",0.624
"559","classif.randomForest",1250,"4","2",0.5666
"560","classif.randomForest",2450,"3","2",0.5801
"561","classif.randomForest",6050,"1","7",0.5929
"562","classif.cforest",1250,"2","2",0.6321
"563","classif.randomForestSRC",8150,"3","7",0.6011
"564","classif.randomForestSRC",5450,"3","1",0.5954
"565","classif.randomForest",7250,"1","3",0.5881
"566","classif.randomForestSRC",8750,"4","2",0.5876
"567","classif.randomForest",9050,"3","7",0.6037
"568","classif.randomForestSRC",5150,"1","2",0.6247
"569","classif.cforest",4550,"1","2",0.6276
"570","classif.randomForest",6650,"4","2",0.574
"571","classif.randomForest",2750,"3","3",0.5892
"572","classif.randomForestSRC",1250,"4","3",0.5959
"573","classif.cforest",5750,"3","1",0.633
"574","classif.randomForest",8150,"1","1",0.5783
"575","classif.randomForestSRC",8750,"3","3",0.5962
"576","classif.randomForest",1850,"4","2",0.5666
"577","classif.randomForestSRC",5750,"1","2",0.6271
"578","classif.randomForest",50,"2","2",0.5558
"579","classif.h2o.randomForest",5400,"2","5400",0.6106
"580","classif.randomForest",2150,"1","3",0.5915
"581","classif.randomForest",8150,"3","1",0.572
"582","classif.randomForest",8150,"1","7",0.5925
"583","classif.randomForest",5450,"2","2",0.5883
"584","classif.randomForestSRC",4550,"1","3",0.6289
"585","classif.cforest",4250,"2","2",0.6356
"586","classif.randomForestSRC",3950,"4","7",0.5959
"587","classif.h2o.randomForest",4000,"2","4000",0.6094
"588","classif.randomForest",9050,"1","7",0.5913
"589","classif.randomForest",650,"4","2",0.5597
"590","classif.cforest",2150,"3","2",0.6316
"591","classif.randomForest",1850,"3","7",0.6076
"592","classif.randomForestSRC",6050,"2","2",0.6014
"593","classif.cforest",3650,"2","2",0.6348
"594","classif.randomForest",50,"1","3",0.5966
"595","classif.randomForest",3050,"1","3",0.5952
"596","classif.randomForest",650,"4","3",0.574
"597","classif.randomForestSRC",3950,"2","7",0.6272
"598","classif.randomForestSRC",6050,"4","3",0.587
"599","classif.randomForest",5150,"3","7",0.603
"600","classif.randomForest",9350,"4","3",0.5874
"601","classif.cforest",2150,"2","2",0.634
"602","classif.randomForest",4250,"3","2",0.5778
"603","classif.randomForestSRC",1850,"1","7",0.6269
"604","classif.randomForestSRC",9950,"1","3",0.6307
"605","classif.randomForest",8150,"2","1",0.5891
"606","classif.randomForestSRC",1550,"2","3",0.6061
"607","classif.randomForestSRC",650,"1","2",0.6307
"608","classif.randomForestSRC",7850,"3","2",0.599
"609","classif.randomForestSRC",3050,"4","2",0.5921
"610","classif.randomForest",7550,"4","2",0.5725
"611","classif.randomForestSRC",7550,"2","1",0.6006
"612","classif.randomForest",5450,"4","7",0.5913
"613","classif.cforest",6350,"1","1",0.6246
"614","classif.randomForestSRC",1850,"4","2",0.5925
"615","classif.randomForest",6350,"3","1",0.5701
"616","classif.randomForestSRC",3650,"2","2",0.5999
"617","classif.randomForestSRC",9050,"3","2",0.5939
"618","classif.randomForestSRC",5450,"2","7",0.625
"619","classif.randomForest",7850,"3","3",0.5886
"620","classif.h2o.randomForest",3700,"2","3700",0.5952
"621","classif.randomForestSRC",7850,"2","1",0.5912
"622","classif.randomForest",9950,"4","7",0.5976
"623","classif.randomForestSRC",7250,"4","7",0.5976
"624","classif.randomForest",7850,"2","2",0.5881
"625","classif.randomForestSRC",4850,"3","7",0.6044
"626","classif.randomForestSRC",9350,"3","3",0.5979
"627","classif.randomForest",3650,"1","7",0.586
"628","classif.randomForest",7850,"1","3",0.5802
"629","classif.cforest",7850,"4","1",0.6235
"630","classif.randomForestSRC",5450,"1","3",0.6286
"631","classif.randomForestSRC",3650,"4","3",0.5975
"632","classif.randomForestSRC",2450,"3","3",0.5956
"633","classif.randomForest",9050,"3","3",0.5887
"634","classif.randomForest",9950,"4","1",0.5786
"635","classif.randomForestSRC",5450,"4","2",0.5884
"636","classif.randomForestSRC",6650,"2","3",0.6095
"637","classif.h2o.randomForest",8200,"2","8200",0.6073
"638","classif.randomForestSRC",7250,"1","3",0.6316
"639","classif.h2o.randomForest",4200,"2","4200",0.5998
"640","classif.randomForestSRC",5750,"2","2",0.602
"641","classif.randomForestSRC",2450,"2","7",0.622
"642","classif.randomForestSRC",5750,"4","2",0.5925
"643","classif.randomForestSRC",9650,"1","2",0.6389
"644","classif.cforest",7550,"3","1",0.6292
"645","classif.cforest",6950,"1","2",0.6251
"646","classif.randomForestSRC",2450,"1","2",0.6265
"647","classif.randomForest",350,"3","1",0.5756
"648","classif.cforest",9350,"2","2",0.6308
"649","classif.randomForestSRC",4550,"1","7",0.6202
"650","classif.randomForestSRC",1550,"3","2",0.5924
"651","classif.randomForest",7550,"2","1",0.5926
"652","classif.randomForestSRC",2750,"1","2",0.6263
"653","classif.cforest",7850,"2","1",0.6314
"654","classif.randomForest",9950,"2","3",0.5984
"655","classif.randomForestSRC",9050,"1","7",0.625
"656","classif.h2o.randomForest",4700,"2","4700",0.5963
"657","classif.randomForest",3350,"3","3",0.5818
"658","classif.randomForestSRC",9650,"1","3",0.6351
"659","classif.randomForest",7550,"3","3",0.5853
"660","classif.cforest",8150,"2","1",0.632
"661","classif.randomForestSRC",9950,"3","2",0.5953
"662","classif.randomForest",8750,"1","7",0.5949
"663","classif.randomForestSRC",1550,"1","3",0.6191
"664","classif.randomForestSRC",950,"4","3",0.5829
"665","classif.randomForestSRC",9950,"2","1",0.5954
"666","classif.randomForestSRC",6350,"4","1",0.5862
"667","classif.randomForest",1850,"3","2",0.5758
"668","classif.randomForest",9350,"3","7",0.6049
"669","classif.cforest",1550,"3","2",0.6272
"670","classif.randomForestSRC",3050,"2","2",0.6064
"671","classif.randomForestSRC",1550,"3","7",0.5996
"672","classif.cforest",350,"2","2",0.6226
"673","classif.randomForestSRC",7250,"4","1",0.5908
"674","classif.randomForestSRC",3050,"1","3",0.6273
"675","classif.randomForestSRC",2750,"2","3",0.6066
"676","classif.cforest",50,"2","2",0.618
"677","classif.randomForest",9650,"3","3",0.5877
"678","classif.randomForestSRC",9650,"2","1",0.5926
"679","classif.randomForest",50,"1","7",0.5818
"680","classif.randomForest",9950,"2","1",0.5947
"681","classif.randomForestSRC",9650,"4","3",0.5935
"682","classif.randomForestSRC",3050,"1","1",0.6221
"683","classif.randomForest",6950,"1","2",0.577
"684","classif.randomForest",2750,"2","3",0.5975
"685","classif.randomForestSRC",2150,"3","1",0.5922
"686","classif.randomForest",8750,"2","7",0.6022
"687","classif.randomForest",50,"4","3",0.5665
"688","classif.randomForestSRC",350,"4","2",0.5974
"689","classif.cforest",5150,"4","1",0.6223
"690","classif.randomForestSRC",5150,"1","1",0.6256
"691","classif.cforest",5750,"1","1",0.6252
"692","classif.randomForest",8150,"4","7",0.5929
"693","classif.cforest",6950,"1","1",0.6251
"694","classif.randomForest",5450,"1","3",0.5855
"695","classif.randomForest",50,"2","1",0.5729
"696","classif.randomForest",2150,"2","7",0.5898
"697","classif.cforest",9650,"4","1",0.6235
"698","classif.randomForest",6050,"4","2",0.5722
"699","classif.randomForest",1250,"2","3",0.5916
"700","classif.cforest",4250,"2","1",0.6356
"701","classif.randomForest",3050,"4","7",0.5938
"702","classif.randomForestSRC",350,"4","3",0.5816
"703","classif.h2o.randomForest",50,"1","50",0.6197
"704","classif.randomForest",350,"1","1",0.5898
"705","classif.randomForestSRC",2150,"4","3",0.5793
"706","classif.h2o.randomForest",6100,"2","6100",0.6057
"707","classif.randomForestSRC",2450,"1","7",0.6269
"708","classif.randomForestSRC",650,"2","3",0.6088
"709","classif.randomForestSRC",8150,"3","1",0.5958
"710","classif.cforest",5150,"1","1",0.6263
"711","classif.randomForest",950,"4","3",0.574
"712","classif.randomForestSRC",7250,"3","2",0.5886
"713","classif.randomForest",6050,"2","2",0.602
"714","classif.cforest",5750,"2","1",0.6314
"715","classif.h2o.randomForest",7500,"2","7500",0.6056
"716","classif.cforest",1850,"3","1",0.6324
"717","classif.cforest",5750,"4","1",0.6235
"718","classif.randomForest",350,"1","7",0.5938
"719","classif.randomForestSRC",5450,"3","3",0.5969
"720","classif.randomForestSRC",3950,"3","7",0.6009
"721","classif.cforest",8150,"1","2",0.6258
"722","classif.randomForest",5150,"3","2",0.5796
"723","classif.cforest",650,"3","2",0.6294
"724","classif.randomForest",50,"4","7",0.5193
"725","classif.randomForestSRC",8750,"3","7",0.6044
"726","classif.h2o.randomForest",7500,"2","7500",0.608
"727","classif.randomForest",3650,"3","7",0.5998
"728","classif.randomForest",1550,"2","7",0.598
"729","classif.randomForestSRC",7550,"3","7",0.6016
"730","classif.randomForestSRC",5750,"4","7",0.5958
"731","classif.randomForestSRC",5750,"2","1",0.6011
"732","classif.cforest",5750,"2","2",0.6314
"733","classif.h2o.randomForest",500,"2","500",0.6102
"734","classif.cforest",4250,"1","2",0.6265
"735","classif.randomForestSRC",6650,"4","2",0.5927
"736","classif.randomForestSRC",2750,"3","7",0.6036
"737","classif.randomForestSRC",3350,"1","7",0.6215
"738","classif.randomForestSRC",650,"3","3",0.6037
"739","classif.randomForest",650,"3","2",0.5853
"740","classif.randomForest",2450,"3","1",0.5648
"741","classif.h2o.randomForest",8900,"2","8900",0.5968
"742","classif.randomForestSRC",350,"1","1",0.6355
"743","classif.randomForest",7250,"1","1",0.579
"744","classif.h2o.randomForest",9700,"1","9700",0.6156
"745","classif.randomForest",6650,"2","1",0.5919
"746","classif.cforest",2750,"3","1",0.6291
"747","classif.randomForestSRC",2450,"4","1",0.5903
"748","classif.randomForest",7850,"1","1",0.5786
"749","classif.randomForest",3650,"4","7",0.5985
"750","classif.cforest",50,"3","1",0.6407
"751","classif.randomForestSRC",7550,"4","2",0.5911
"752","classif.randomForest",3350,"3","2",0.5861
"753","classif.randomForestSRC",8750,"4","1",0.5865
"754","classif.randomForestSRC",3950,"1","3",0.6275
"755","classif.randomForest",650,"3","7",0.5992
"756","classif.randomForestSRC",2150,"3","7",0.6034
"757","classif.randomForestSRC",6050,"4","7",0.5988
"758","classif.randomForestSRC",9650,"1","7",0.6261
"759","classif.cforest",5750,"1","2",0.6252
"760","classif.randomForestSRC",4250,"4","3",0.5924
"761","classif.randomForest",5750,"3","2",0.5829
"762","classif.randomForest",950,"3","1",0.5615
"763","classif.cforest",950,"3","1",0.6287
"764","classif.cforest",5150,"3","1",0.6294
"765","classif.randomForest",2150,"3","7",0.6061
"766","classif.randomForest",4250,"4","1",0.5713
"767","classif.cforest",950,"1","2",0.6229
"768","classif.cforest",9650,"2","2",0.6314
"769","classif.cforest",50,"1","1",0.6075
"770","classif.randomForestSRC",6350,"4","3",0.5931
"771","classif.randomForest",7250,"4","3",0.5813
"772","classif.randomForestSRC",4250,"2","1",0.5949
"773","classif.randomForest",8750,"4","2",0.5789
"774","classif.randomForest",6650,"4","7",0.5933
"775","classif.randomForest",5750,"3","3",0.5816
"776","classif.randomForest",950,"2","7",0.6058
"777","classif.randomForest",3350,"2","2",0.6011
"778","classif.randomForest",8750,"1","2",0.5737
"779","classif.randomForest",8450,"2","7",0.6062
"780","classif.randomForest",1850,"3","3",0.5836
"781","classif.randomForestSRC",5450,"2","3",0.6119
"782","classif.cforest",6650,"3","1",0.6294
"783","classif.randomForestSRC",950,"3","7",0.6041
"784","classif.randomForest",7250,"2","7",0.6037
"785","classif.randomForest",9650,"3","7",0.6026
"786","classif.randomForest",4250,"3","1",0.5729
"787","classif.randomForest",5150,"3","3",0.5859
"788","classif.cforest",6950,"2","2",0.6314
"789","classif.randomForest",6950,"2","3",0.5942
"790","classif.randomForestSRC",8450,"1","1",0.6299
"791","classif.h2o.randomForest",6100,"2","6100",0.5906
"792","classif.randomForest",650,"2","1",0.5991
"793","classif.randomForest",9650,"4","1",0.5779
"794","classif.randomForestSRC",3650,"2","3",0.6037
"795","classif.randomForest",2450,"3","3",0.5816
"796","classif.randomForestSRC",8750,"3","1",0.5932
"797","classif.h2o.randomForest",2700,"1","2700",0.6173
"798","classif.cforest",6350,"3","1",0.6318
"799","classif.randomForestSRC",2750,"4","1",0.5937
"800","classif.randomForestSRC",8150,"1","2",0.6283
"801","classif.randomForest",4850,"1","1",0.5747
"802","classif.randomForestSRC",3650,"2","7",0.6234
"803","classif.randomForestSRC",1550,"4","2",0.5865
"804","classif.randomForestSRC",6050,"1","2",0.6292
"805","classif.randomForest",6950,"2","2",0.5978
"806","classif.randomForestSRC",7550,"3","3",0.5959
"807","classif.cforest",2750,"3","2",0.6291
"808","classif.randomForestSRC",6650,"4","3",0.5976
"809","classif.randomForest",6050,"4","7",0.5945
"810","classif.randomForestSRC",9350,"1","1",0.6333
"811","classif.randomForestSRC",4850,"1","2",0.6305
"812","classif.cforest",5450,"1","1",0.6246
"813","classif.randomForestSRC",8450,"1","3",0.6301
"814","classif.h2o.randomForest",8200,"2","8200",0.5916
"815","classif.randomForestSRC",2150,"2","7",0.6197
"816","classif.randomForest",8450,"2","3",0.5932
"817","classif.randomForest",3050,"1","2",0.5837
"818","classif.randomForest",2750,"4","3",0.5812
"819","classif.randomForestSRC",5150,"3","1",0.5906
"820","classif.randomForest",1250,"3","1",0.5636
"821","classif.randomForestSRC",1250,"2","3",0.6089
"822","classif.randomForestSRC",8450,"2","3",0.6062
"823","classif.randomForest",2750,"1","1",0.5722
"824","classif.randomForestSRC",9650,"4","7",0.5977
"825","classif.randomForestSRC",7850,"3","7",0.6047
"826","classif.randomForest",3050,"1","7",0.5788
"827","classif.cforest",8750,"1","1",0.6263
"828","classif.randomForest",5450,"3","2",0.581
"829","classif.randomForestSRC",4850,"3","2",0.5954
"830","classif.h2o.randomForest",6800,"2","6800",0.605
"831","classif.randomForest",350,"1","3",0.5888
"832","classif.randomForestSRC",9650,"3","1",0.5807
"833","classif.randomForest",2750,"2","1",0.5896
"834","classif.randomForestSRC",5450,"3","7",0.6068
"835","classif.randomForestSRC",3050,"4","7",0.5979
"836","classif.randomForest",4850,"2","3",0.5965
"837","classif.randomForest",6050,"4","1",0.5719
"838","classif.randomForestSRC",8150,"3","2",0.5941
"839","classif.randomForestSRC",8750,"4","3",0.5893
"840","classif.randomForest",1250,"1","1",0.5894
"841","classif.randomForest",6650,"4","1",0.5793
"842","classif.cforest",2450,"2","1",0.6297
"843","classif.randomForestSRC",950,"3","2",0.5871
"844","classif.randomForestSRC",4250,"4","7",0.5977
"845","classif.randomForestSRC",4850,"1","3",0.6287
"846","classif.randomForestSRC",3950,"1","7",0.6242
"847","classif.randomForestSRC",4850,"4","1",0.5852
"848","classif.randomForestSRC",2450,"2","2",0.604
"849","classif.randomForestSRC",3650,"3","3",0.5929
"850","classif.cforest",8750,"3","1",0.6267
"851","classif.randomForestSRC",5150,"4","7",0.5957
"852","classif.cforest",4850,"3","1",0.6283
"853","classif.randomForest",4850,"4","3",0.5818
"854","classif.randomForest",9050,"4","1",0.577
"855","classif.h2o.randomForest",6700,"1","6700",0.6258
"856","classif.randomForestSRC",9650,"2","2",0.6013
"857","classif.randomForestSRC",9950,"4","3",0.5927
"858","classif.randomForestSRC",6350,"1","1",0.6296
"859","classif.cforest",5450,"1","2",0.6246
"860","classif.randomForestSRC",350,"1","3",0.6305
"861","classif.cforest",8750,"2","2",0.6314
"862","classif.randomForest",5450,"4","2",0.5789
"863","classif.randomForestSRC",3350,"1","3",0.6316
"864","classif.randomForest",50,"4","1",0.5402
"865","classif.cforest",6350,"2","2",0.6303
"866","classif.randomForestSRC",9050,"2","3",0.6072
"867","classif.randomForest",3650,"1","1",0.5748
"868","classif.randomForest",9350,"1","1",0.5755
"869","classif.randomForestSRC",6050,"2","1",0.5969
"870","classif.randomForest",5450,"3","3",0.5892
"871","classif.cforest",2750,"4","1",0.6216
"872","classif.cforest",3350,"3","2",0.6318
"873","classif.cforest",5150,"2","2",0.6336
"874","classif.randomForest",9950,"4","3",0.5805
"875","classif.randomForest",8750,"4","7",0.5948
"876","classif.randomForestSRC",6050,"3","3",0.5921
"877","classif.randomForest",1850,"4","3",0.5737
"878","classif.randomForestSRC",9950,"1","1",0.627
"879","classif.cforest",1850,"3","2",0.6324
"880","classif.randomForestSRC",2150,"4","2",0.591
"881","classif.randomForest",650,"4","7",0.5914
"882","classif.randomForest",3650,"3","3",0.5829
"883","classif.randomForest",4550,"2","1",0.6003
"884","classif.cforest",3950,"2","1",0.6344
"885","classif.randomForest",1550,"3","7",0.6141
"886","classif.cforest",7850,"2","2",0.6314
"887","classif.cforest",4850,"1","2",0.6251
"888","classif.randomForest",9350,"3","3",0.589
"889","classif.randomForest",1250,"4","3",0.5706
"890","classif.randomForestSRC",5150,"4","1",0.5871
"891","classif.randomForest",4850,"3","2",0.5844
"892","classif.randomForest",8150,"2","3",0.5964
"893","classif.randomForest",4550,"2","2",0.5953
"894","classif.randomForest",1550,"1","7",0.5844
"895","classif.randomForest",3350,"1","2",0.5798
"896","classif.randomForest",950,"1","3",0.5692
"897","classif.randomForest",5150,"4","1",0.5745
"898","classif.randomForest",3350,"3","7",0.5982
"899","classif.randomForest",3350,"4","1",0.5787
"900","classif.randomForestSRC",4250,"2","7",0.6202
"901","classif.randomForest",5750,"1","7",0.5938
"902","classif.randomForestSRC",1550,"2","7",0.6244
"903","classif.randomForestSRC",350,"1","2",0.6338
"904","classif.cforest",8150,"3","1",0.6302
"905","classif.randomForestSRC",7850,"4","7",0.5943
"906","classif.randomForestSRC",8150,"4","7",0.5983
"907","classif.randomForestSRC",8450,"3","7",0.6071
"908","classif.randomForest",4550,"3","3",0.5891
"909","classif.randomForest",8750,"2","1",0.5885
"910","classif.randomForestSRC",5450,"4","3",0.591
"911","classif.randomForest",2150,"4","7",0.5869
"912","classif.randomForest",9350,"2","1",0.5903
"913","classif.randomForestSRC",8750,"4","7",0.5936
"914","classif.randomForest",5450,"1","2",0.589
"915","classif.cforest",6650,"2","1",0.6314
"916","classif.cforest",2150,"1","2",0.6274
"917","classif.randomForestSRC",4250,"4","2",0.5849
"918","classif.cforest",8450,"1","1",0.6256
"919","classif.randomForestSRC",50,"4","2",0.6562
"920","classif.randomForest",50,"3","1",0.5099
"921","classif.randomForestSRC",8450,"4","1",0.5952
"922","classif.cforest",7250,"2","1",0.6309
"923","classif.randomForest",9950,"2","7",0.6018
"924","classif.randomForest",3050,"4","3",0.5788
"925","classif.randomForestSRC",7850,"2","3",0.6046
"926","classif.randomForest",9650,"2","1",0.5909
"927","classif.randomForest",3350,"1","7",0.5781
"928","classif.randomForestSRC",6350,"3","1",0.586
"929","classif.h2o.randomForest",8900,"2","8900",0.6085
"930","classif.h2o.randomForest",6800,"2","6800",0.6102
"931","classif.cforest",7850,"1","2",0.6264
"932","classif.randomForestSRC",3650,"4","1",0.5953
"933","classif.randomForest",9650,"2","7",0.6074
"934","classif.randomForestSRC",6050,"2","3",0.6096
"935","classif.randomForest",5750,"4","2",0.5769
"936","classif.randomForest",2750,"4","1",0.5746
"937","classif.randomForest",2150,"3","3",0.5811
"938","classif.cforest",3650,"1","1",0.6253
"939","classif.randomForestSRC",9350,"4","2",0.5895
"940","classif.randomForest",9350,"1","2",0.5766
"941","classif.randomForestSRC",9950,"1","7",0.6261
"942","classif.cforest",9950,"1","1",0.6268
"943","classif.cforest",6050,"1","1",0.6246
"944","classif.randomForestSRC",2750,"3","1",0.587
"945","classif.cforest",1550,"3","1",0.6272
"946","classif.randomForestSRC",6050,"4","2",0.5869
"947","classif.randomForestSRC",9350,"4","1",0.5876
"948","classif.randomForest",1850,"1","1",0.5833
"949","classif.randomForest",5750,"2","3",0.5988
"950","classif.randomForestSRC",3950,"4","3",0.5933
"951","classif.randomForestSRC",6950,"1","7",0.6311
"952","classif.randomForestSRC",4550,"3","7",0.6063
"953","classif.h2o.randomForest",8700,"1","8700",0.6199
"954","classif.cforest",2150,"3","1",0.6316
"955","classif.cforest",5450,"2","2",0.6327
"956","classif.randomForestSRC",50,"1","2",0.611
"957","classif.randomForestSRC",8150,"4","1",0.5922
"958","classif.cforest",1550,"4","1",0.6256
"959","classif.h2o.randomForest",1700,"1","1700",0.6154
"960","classif.randomForest",7850,"3","1",0.5715
"961","classif.randomForest",7850,"2","7",0.6009
"962","classif.randomForest",4250,"4","3",0.5864
"963","classif.cforest",9050,"2","1",0.632
"964","classif.randomForestSRC",8450,"2","2",0.5996
"965","classif.cforest",7250,"1","2",0.6263
"966","classif.cforest",9650,"2","1",0.6314
"967","classif.randomForestSRC",6950,"4","2",0.5893
"968","classif.randomForest",2150,"1","1",0.5834
"969","classif.randomForest",3350,"4","7",0.5883
"970","classif.randomForestSRC",7550,"2","7",0.6213
"971","classif.randomForest",3350,"1","1",0.5739
"972","classif.randomForest",3650,"3","1",0.5664
"973","classif.randomForest",3950,"3","2",0.5861
"974","classif.cforest",9050,"1","1",0.6263
"975","classif.cforest",6950,"3","2",0.6329
"976","classif.randomForestSRC",50,"3","3",0.5935
"977","classif.randomForestSRC",4250,"1","3",0.6299
"978","classif.cforest",7550,"1","2",0.6251
"979","classif.cforest",4550,"1","1",0.6276
"980","classif.randomForestSRC",2750,"4","2",0.5923
"981","classif.randomForest",3950,"1","7",0.591
"982","classif.cforest",3050,"3","2",0.6296
"983","classif.randomForestSRC",9050,"4","7",0.5976
"984","classif.randomForestSRC",6650,"4","1",0.5889
"985","classif.randomForestSRC",3350,"1","2",0.626
"986","classif.cforest",9350,"3","1",0.6266
"987","classif.randomForestSRC",3350,"4","7",0.5951
"988","classif.randomForest",7250,"4","1",0.5797
"989","classif.randomForest",3350,"2","1",0.5981
"990","classif.randomForestSRC",6650,"3","1",0.5877
"991","classif.randomForestSRC",7550,"1","3",0.6331
"992","classif.randomForestSRC",3350,"3","3",0.5906
"993","classif.randomForest",8750,"1","1",0.574
"994","classif.randomForestSRC",1850,"2","2",0.6006
"995","classif.cforest",4850,"1","1",0.6251
"996","classif.randomForestSRC",7550,"2","2",0.6023
"997","classif.randomForestSRC",950,"1","2",0.6279
"998","classif.randomForestSRC",950,"2","2",0.5975
"999","classif.randomForest",2750,"2","7",0.6029
"1000","classif.cforest",650,"2","2",0.6249
"1001","classif.randomForest",7250,"2","1",0.5867
"1002","classif.cforest",9050,"1","2",0.6263
"1003","classif.randomForest",3050,"4","1",0.5741
"1004","classif.randomForestSRC",9950,"2","2",0.6007
"1005","classif.randomForest",2150,"1","7",0.5845
"1006","classif.randomForestSRC",7850,"1","3",0.63
"1007","classif.randomForestSRC",650,"3","7",0.6112
"1008","classif.randomForest",8150,"1","3",0.5832
"1009","classif.randomForestSRC",3050,"3","3",0.5968
"1010","classif.randomForest",4850,"2","1",0.5949
"1011","classif.randomForestSRC",9650,"2","3",0.6083
"1012","classif.randomForest",5750,"4","7",0.596
"1013","classif.randomForest",7850,"4","2",0.5774
"1014","classif.randomForest",6350,"1","2",0.5863
"1015","classif.randomForest",9650,"3","2",0.5805
"1016","classif.randomForest",9350,"4","2",0.5738
"1017","classif.randomForest",2450,"1","3",0.5992
"1018","classif.randomForestSRC",7850,"3","3",0.6049
"1019","classif.randomForestSRC",8450,"2","7",0.6219
"1020","classif.randomForestSRC",6950,"4","3",0.5921
"1021","classif.randomForest",50,"2","7",0.5825
"1022","classif.randomForestSRC",7250,"4","2",0.588
"1023","classif.randomForest",9350,"2","7",0.6078
"1024","classif.randomForest",50,"4","2",0.5443
"1025","classif.randomForest",3950,"3","3",0.5812
"1026","classif.randomForestSRC",8750,"2","3",0.6066
"1027","classif.randomForestSRC",3650,"1","7",0.631
"1028","classif.randomForest",9950,"1","2",0.5787
"1029","classif.randomForestSRC",1850,"1","3",0.6282
"1030","classif.randomForest",7250,"3","1",0.5747
"1031","classif.randomForest",2150,"2","1",0.5886
"1032","classif.h2o.randomForest",3200,"1","3200",0.6215
"1033","classif.randomForestSRC",650,"4","3",0.5997
"1034","classif.randomForestSRC",3350,"2","2",0.5938
"1035","classif.randomForest",9350,"3","2",0.581
"1036","classif.randomForest",2450,"4","3",0.5728
"1037","classif.randomForest",7850,"4","1",0.5795
"1038","classif.randomForest",5750,"2","1",0.5876
"1039","classif.cforest",2150,"4","1",0.6245
"1040","classif.randomForest",3650,"2","7",0.6074
"1041","classif.randomForest",6350,"3","2",0.5821
"1042","classif.randomForest",4550,"1","1",0.5745
"1043","classif.randomForest",7250,"2","3",0.5902
"1044","classif.randomForestSRC",9350,"1","7",0.6273
"1045","classif.randomForestSRC",9350,"3","2",0.5902
"1046","classif.cforest",8450,"3","1",0.6267
"1047","classif.randomForest",7550,"3","7",0.6008
"1048","classif.randomForest",350,"3","3",0.59
"1049","classif.randomForestSRC",4250,"1","2",0.63
"1050","classif.randomForest",6950,"4","3",0.5793
"1051","classif.randomForest",350,"4","7",0.6037
"1052","classif.randomForest",1550,"4","1",0.5587
"1053","classif.randomForest",8150,"3","3",0.5838
"1054","classif.randomForestSRC",8450,"2","1",0.5998
"1055","classif.randomForestSRC",2150,"2","3",0.6073
"1056","classif.h2o.randomForest",3300,"2","3300",0.6102
"1057","classif.randomForest",9950,"1","7",0.5901
"1058","classif.randomForest",6050,"2","1",0.5882
"1059","classif.randomForest",650,"3","1",0.5683
"1060","classif.cforest",9950,"3","1",0.6296
"1061","classif.randomForest",3950,"2","1",0.5942
"1062","classif.randomForest",6650,"1","7",0.592
"1063","classif.h2o.randomForest",2600,"2","2600",0.6108
"1064","classif.randomForest",3050,"2","1",0.5979
"1065","classif.randomForestSRC",3650,"4","7",0.5964
"1066","classif.randomForestSRC",1550,"4","1",0.5892
"1067","classif.randomForestSRC",4550,"4","2",0.5951
"1068","classif.randomForestSRC",9050,"1","2",0.6295
"1069","classif.randomForest",4850,"4","7",0.5935
"1070","classif.randomForestSRC",650,"2","2",0.6036
"1071","classif.cforest",9050,"2","2",0.632
"1072","classif.randomForestSRC",4250,"2","2",0.5968
"1073","classif.randomForest",2450,"1","1",0.5779
"1074","classif.randomForest",7850,"2","3",0.5901
"1075","classif.randomForestSRC",6950,"2","3",0.6052
"1076","classif.randomForest",4550,"2","7",0.6028
"1077","classif.randomForestSRC",6350,"1","3",0.6329
"1078","classif.randomForestSRC",5750,"4","1",0.5872
"1079","classif.randomForestSRC",4850,"1","7",0.6271
"1080","classif.randomForestSRC",4550,"2","1",0.594
"1081","classif.randomForest",7550,"2","3",0.5892
"1082","classif.cforest",1850,"2","2",0.6314
"1083","classif.randomForest",5150,"2","3",0.5969
"1084","classif.randomForestSRC",9950,"2","7",0.6234
"1085","classif.cforest",2750,"1","2",0.6268
"1086","classif.randomForest",2750,"3","2",0.5805
"1087","classif.randomForestSRC",8150,"3","3",0.5942
"1088","classif.randomForestSRC",9350,"2","3",0.6091
"1089","classif.cforest",350,"1","2",0.615
"1090","classif.randomForestSRC",5450,"2","2",0.5988
"1091","classif.randomForest",950,"4","7",0.5782
"1092","classif.randomForest",950,"1","1",0.5969
"1093","classif.randomForestSRC",6350,"3","2",0.5962
"1094","classif.cforest",2450,"3","2",0.6331
"1095","classif.randomForestSRC",7250,"1","2",0.6303
"1096","classif.randomForestSRC",5150,"3","2",0.6029
"1097","classif.randomForest",6950,"3","7",0.6018
"1098","classif.cforest",7850,"3","1",0.6312
"1099","classif.randomForest",950,"4","2",0.5647
"1100","classif.randomForest",8450,"1","3",0.5792
"1101","classif.randomForestSRC",9650,"4","2",0.5933
"1102","classif.randomForestSRC",5450,"1","7",0.6282
"1103","classif.cforest",2450,"4","1",0.6231
"1104","classif.randomForest",6650,"1","1",0.5808
"1105","classif.randomForest",4550,"4","1",0.5742
"1106","classif.randomForestSRC",5450,"3","2",0.6001
"1107","classif.randomForestSRC",5750,"1","3",0.6278
"1108","classif.randomForestSRC",650,"3","2",0.6067
"1109","classif.randomForest",8450,"4","1",0.5786
"1110","classif.randomForestSRC",6350,"2","1",0.593
"1111","classif.randomForestSRC",9050,"2","7",0.6206
"1112","classif.randomForestSRC",7250,"2","2",0.5972
"1113","classif.randomForestSRC",3050,"4","1",0.5867
"1114","classif.randomForestSRC",2750,"2","2",0.5932
"1115","classif.randomForestSRC",3350,"2","1",0.593
"1116","classif.randomForestSRC",7850,"1","1",0.629
"1117","classif.randomForest",3650,"4","3",0.5866
"1118","classif.cforest",9050,"3","1",0.6267
"1119","classif.randomForest",350,"2","3",0.6002
"1120","classif.randomForest",1250,"1","2",0.5808
"1121","classif.randomForestSRC",2750,"2","1",0.59
"1122","classif.randomForestSRC",7850,"4","3",0.5954
"1123","classif.randomForestSRC",1850,"3","3",0.5984
"1124","classif.randomForestSRC",4850,"2","1",0.5962
"1125","classif.randomForestSRC",8150,"1","3",0.6274
"1126","classif.randomForest",2450,"3","7",0.5994
"1127","classif.randomForest",4250,"2","1",0.5911
"1128","classif.cforest",5450,"4","1",0.6211
"1129","classif.randomForest",6950,"2","1",0.5931
"1130","classif.cforest",1250,"2","1",0.6321
"1131","classif.randomForest",6050,"4","3",0.584
"1132","classif.cforest",6350,"2","1",0.6303
"1133","classif.cforest",6950,"4","1",0.6235
"1134","classif.randomForest",2150,"4","2",0.5654
"1135","classif.randomForest",2150,"1","2",0.5805
"1136","classif.randomForestSRC",1550,"4","3",0.5859
"1137","classif.randomForestSRC",3650,"1","1",0.6275
"1138","classif.randomForest",4550,"1","3",0.5858
"1139","classif.cforest",5750,"3","2",0.633
"1140","classif.randomForestSRC",9350,"4","3",0.5949
"1141","classif.randomForestSRC",6350,"2","2",0.5991
"1142","classif.cforest",8450,"4","1",0.624
"1143","classif.randomForestSRC",50,"1","1",0.6189
"1144","classif.randomForestSRC",6650,"1","7",0.6283
"1145","classif.randomForestSRC",50,"3","1",0.586
"1146","classif.randomForest",1550,"4","2",0.5745
"1147","classif.randomForest",8450,"1","7",0.5907
"1148","classif.randomForest",650,"1","1",0.5934
"1149","classif.h2o.randomForest",3200,"2","3200",0.5932
"1150","classif.randomForestSRC",8750,"2","7",0.6243
"1151","classif.cforest",3350,"1","2",0.6259
"1152","classif.randomForest",9650,"4","3",0.5782
"1153","classif.randomForestSRC",950,"2","3",0.6092
"1154","classif.randomForest",5750,"3","1",0.5745
"1155","classif.randomForestSRC",950,"3","3",0.6023
"1156","classif.randomForest",7550,"1","7",0.5936
"1157","classif.randomForestSRC",2450,"1","3",0.6255
"1158","classif.randomForestSRC",3350,"3","1",0.5891
"1159","classif.randomForestSRC",1550,"3","3",0.5896
"1160","classif.randomForestSRC",6350,"4","2",0.5878
"1161","classif.randomForest",4550,"4","7",0.5944
"1162","classif.randomForestSRC",4850,"4","3",0.5979
"1163","classif.randomForest",3650,"1","2",0.5863
"1164","classif.cforest",1850,"1","1",0.6263
"1165","classif.randomForest",4250,"2","2",0.5843
"1166","classif.randomForestSRC",950,"4","2",0.5907
"1167","classif.randomForest",2450,"1","7",0.5896
"1168","classif.randomForest",8150,"2","7",0.6037
"1169","classif.randomForest",5150,"4","2",0.573
"1170","classif.cforest",350,"3","1",0.6307
"1171","classif.randomForestSRC",8450,"3","2",0.5957
"1172","classif.h2o.randomForest",4200,"1","4200",0.6158
"1173","classif.randomForestSRC",4850,"2","7",0.6244
"1174","classif.cforest",950,"4","1",0.6217
"1175","classif.randomForest",7550,"3","2",0.5783
"1176","classif.cforest",50,"4","1",0.6483
"1177","classif.randomForest",4250,"3","7",0.603
"1178","classif.randomForest",5150,"1","1",0.5809
"1179","classif.randomForest",6650,"2","2",0.5978
"1180","classif.randomForest",5150,"1","3",0.5827
"1181","classif.randomForest",4850,"4","2",0.5724
"1182","classif.cforest",1550,"2","1",0.6355
"1183","classif.cforest",6650,"4","1",0.6235
"1184","classif.randomForest",9050,"2","7",0.6065
"1185","classif.randomForestSRC",7250,"3","1",0.5878
"1186","classif.randomForestSRC",1550,"2","1",0.59
"1187","classif.randomForestSRC",3950,"2","3",0.6115
"1188","classif.cforest",6050,"3","2",0.6312
"1189","classif.cforest",8450,"2","2",0.632
"1190","classif.randomForest",3050,"3","2",0.5832
"1191","classif.randomForest",8750,"4","3",0.5839
"1192","classif.randomForestSRC",9350,"3","1",0.5917
"1193","classif.randomForestSRC",2750,"1","1",0.6269
"1194","classif.randomForestSRC",50,"3","2",0.5623
"1195","classif.randomForestSRC",3350,"2","3",0.5997
"1196","classif.randomForest",3650,"2","3",0.5989
"1197","classif.randomForest",7550,"4","1",0.5749
"1198","classif.cforest",2450,"1","2",0.6256
"1199","classif.cforest",6650,"1","2",0.6251
"1200","classif.randomForestSRC",350,"4","1",0.5915
"1201","classif.randomForestSRC",2150,"3","2",0.595
"1202","classif.randomForest",8150,"2","2",0.5944
"1203","classif.randomForestSRC",1250,"4","2",0.5953
"1204","classif.randomForestSRC",4850,"2","2",0.5996
"1205","classif.randomForest",4850,"2","7",0.6029
"1206","classif.randomForestSRC",4250,"3","2",0.5877
"1207","classif.randomForest",4850,"2","2",0.5926
"1208","classif.cforest",350,"1","1",0.615
"1209","classif.randomForestSRC",6350,"2","7",0.6205
"1210","classif.randomForest",6950,"4","2",0.5738
"1211","classif.h2o.randomForest",2200,"1","2200",0.6196
"1212","classif.randomForest",3650,"4","2",0.5664
"1213","classif.cforest",7850,"1","1",0.6264
"1214","classif.cforest",7550,"4","1",0.6247
"1215","classif.randomForestSRC",50,"4","1",0.6457
"1216","classif.cforest",3650,"1","2",0.6253
"1217","classif.randomForest",2750,"3","7",0.6044
"1218","classif.cforest",6050,"1","2",0.6246
"1219","classif.randomForest",1850,"1","3",0.5972
"1220","classif.cforest",5450,"2","1",0.6327
"1221","classif.randomForest",350,"3","7",0.5976
"1222","classif.randomForestSRC",3950,"2","1",0.5999
"1223","classif.randomForestSRC",5750,"1","1",0.6298
"1224","classif.h2o.randomForest",5400,"2","5400",0.6041
"1225","classif.randomForest",1850,"1","7",0.5842
"1226","classif.randomForest",350,"3","2",0.5852
"1227","classif.cforest",3350,"2","1",0.6309
"1228","classif.randomForest",50,"1","2",0.5147
"1229","classif.randomForestSRC",5150,"4","3",0.5921
"1230","classif.randomForest",3050,"2","7",0.595
"1231","classif.randomForest",9050,"2","3",0.5968
"1232","classif.randomForest",6050,"3","1",0.5732
"1233","classif.randomForest",650,"1","3",0.5746
"1234","classif.randomForest",5450,"3","7",0.5996
"1235","classif.randomForest",9050,"4","7",0.5968
"1236","classif.randomForestSRC",2150,"4","7",0.5947
"1237","classif.h2o.randomForest",9600,"2","9600",0.6104
"1238","classif.randomForestSRC",650,"2","7",0.6209
"1239","classif.randomForestSRC",2150,"2","2",0.6014
"1240","classif.randomForestSRC",3650,"3","7",0.6006
"1241","classif.h2o.randomForest",3700,"1","3700",0.6203
"1242","classif.randomForestSRC",350,"2","1",0.5926
"1243","classif.randomForestSRC",3350,"2","7",0.6226
"1244","classif.cforest",3350,"2","2",0.6309
"1245","classif.randomForest",5750,"4","1",0.5735
"1246","classif.randomForestSRC",6950,"1","1",0.6263
"1247","classif.randomForest",4250,"3","3",0.5875
"1248","classif.randomForestSRC",1550,"4","7",0.5897
"1249","classif.randomForestSRC",650,"2","1",0.6018
"1250","classif.randomForest",9050,"1","2",0.5759
"1251","classif.h2o.randomForest",9200,"1","9200",0.6166
"1252","classif.cforest",8450,"2","1",0.632
"1253","classif.randomForestSRC",7250,"3","3",0.5931
"1254","classif.randomForest",3050,"2","2",0.5955
"1255","classif.randomForest",7550,"2","7",0.6027
"1256","classif.randomForestSRC",3950,"1","1",0.6247
"1257","classif.cforest",8750,"2","1",0.6314
"1258","classif.randomForestSRC",6950,"2","1",0.6008
"1259","classif.randomForestSRC",8750,"3","2",0.591
"1260","classif.randomForest",1250,"4","7",0.5901
"1261","classif.cforest",650,"4","1",0.6255
"1262","classif.randomForestSRC",7550,"1","2",0.6302
"1263","classif.randomForestSRC",6350,"1","2",0.6344
"1264","classif.randomForest",7850,"3","2",0.5831
"1265","classif.randomForest",1850,"3","1",0.5669
"1266","classif.randomForestSRC",3350,"3","7",0.5997
"1267","classif.randomForest",2450,"2","2",0.6048
"1268","classif.randomForest",1250,"2","1",0.5949
"1269","classif.h2o.randomForest",9600,"2","9600",0.6001
"1270","classif.randomForestSRC",650,"1","1",0.6297
"1271","classif.randomForest",4550,"4","2",0.5676
"1272","classif.randomForestSRC",6950,"3","3",0.5983
"1273","classif.randomForestSRC",650,"4","1",0.5965
"1274","classif.randomForest",50,"1","1",0.5747
"1275","classif.randomForest",1550,"1","3",0.5946
"1276","classif.randomForest",3950,"4","3",0.5932
"1277","classif.randomForest",650,"3","3",0.5771
"1278","classif.randomForestSRC",350,"3","1",0.5928
"1279","classif.cforest",650,"2","1",0.6249
"1280","classif.h2o.randomForest",8200,"2","8200",0.6092
"1281","classif.h2o.randomForest",6100,"2","6100",0.6124
"1282","classif.cforest",4850,"3","2",0.6283
"1283","classif.randomForestSRC",950,"1","7",0.6339
"1284","classif.randomForestSRC",9050,"2","1",0.5954
"1285","classif.cforest",3050,"2","2",0.6333
"1286","classif.randomForestSRC",8450,"4","2",0.5929
"1287","classif.randomForest",4550,"1","2",0.5754
"1288","classif.randomForest",950,"3","3",0.5792
"1289","classif.randomForestSRC",9350,"4","7",0.5971
"1290","classif.randomForestSRC",5450,"4","7",0.5976
"1291","classif.randomForestSRC",7550,"4","1",0.5885
"1292","classif.randomForestSRC",1250,"4","7",0.5974
"1293","classif.randomForestSRC",2450,"4","3",0.5939
"1294","classif.randomForestSRC",9350,"2","7",0.6234
"1295","classif.randomForest",9350,"1","3",0.5764
"1296","classif.randomForest",6350,"1","7",0.5959
"1297","classif.randomForest",6350,"4","1",0.5778
"1298","classif.randomForest",8450,"3","3",0.5854
"1299","classif.randomForest",5450,"3","1",0.5704
"1300","classif.randomForestSRC",6950,"3","1",0.5916
"1301","classif.randomForest",8750,"4","1",0.5772
"1302","classif.randomForest",9350,"2","2",0.5901
"1303","classif.randomForest",1850,"4","7",0.5952
"1304","classif.randomForest",5750,"1","3",0.5904
"1305","classif.randomForest",1250,"3","2",0.5787
"1306","classif.h2o.randomForest",1900,"2","1900",0.6093
"1307","classif.randomForest",6650,"2","7",0.6038
"1308","classif.randomForest",5450,"4","3",0.5778
"1309","classif.randomForestSRC",3650,"3","1",0.5895
"1310","classif.randomForest",950,"1","2",0.5706
"1311","classif.randomForestSRC",350,"1","7",0.6339
"1312","classif.randomForest",8150,"1","2",0.5737
"1313","classif.randomForest",7550,"1","3",0.5859
"1314","classif.randomForestSRC",4550,"2","3",0.6067
"1315","classif.randomForest",5150,"1","7",0.5906
"1316","classif.randomForest",6050,"2","7",0.6028
"1317","classif.cforest",6050,"2","2",0.6297
"1318","classif.randomForest",9050,"2","1",0.5917
"1319","classif.randomForest",950,"2","1",0.6016
"1320","classif.randomForest",4250,"2","3",0.5976
"1321","classif.randomForestSRC",4250,"4","1",0.5932
"1322","classif.randomForest",5750,"2","7",0.6038
"1323","classif.randomForestSRC",9050,"3","1",0.5887
"1324","classif.randomForest",7550,"1","1",0.5799
"1325","classif.randomForestSRC",1250,"3","2",0.5941
"1326","classif.randomForest",950,"1","7",0.5934
"1327","classif.randomForestSRC",3050,"2","3",0.6124
"1328","classif.randomForest",950,"3","7",0.5929
"1329","classif.cforest",2150,"2","1",0.634
"1330","classif.randomForest",50,"3","7",0.619
"1331","classif.randomForestSRC",1850,"3","1",0.594
"1332","classif.randomForest",6350,"3","7",0.6025
"1333","classif.cforest",9650,"3","1",0.6278
"1334","classif.cforest",6950,"3","1",0.6329
"1335","classif.randomForest",350,"4","2",0.558
"1336","classif.cforest",3950,"3","2",0.6323
"1337","classif.randomForest",7850,"1","2",0.5731
"1338","classif.randomForest",6350,"2","1",0.5889
"1339","classif.randomForest",2450,"1","2",0.5744
"1340","classif.randomForestSRC",3050,"3","7",0.605
"1341","classif.randomForestSRC",3950,"2","2",0.5998
"1342","classif.randomForestSRC",8150,"2","1",0.5905
"1343","classif.randomForest",6350,"3","3",0.5926
"1344","classif.randomForestSRC",3650,"2","1",0.5939
"1345","classif.randomForestSRC",9950,"4","7",0.5983
"1346","classif.randomForest",1250,"2","2",0.6036
"1347","classif.cforest",950,"2","1",0.627
"1348","classif.cforest",6950,"2","1",0.6314
"1349","classif.randomForestSRC",3350,"3","2",0.5965
"1350","classif.randomForestSRC",3950,"4","1",0.5918
"1351","classif.randomForestSRC",8750,"2","2",0.5988
"1352","classif.randomForest",4250,"4","7",0.5917
"1353","classif.cforest",2750,"1","1",0.6268
"1354","classif.randomForest",350,"4","1",0.5632
"1355","classif.randomForestSRC",5150,"2","2",0.5935
"1356","classif.cforest",9350,"1","1",0.6279
"1357","classif.randomForest",9950,"3","3",0.5821
"1358","classif.randomForest",5750,"1","2",0.5885
"1359","classif.randomForestSRC",6050,"1","1",0.6294
"1360","classif.randomForestSRC",950,"4","7",0.5973
"1361","classif.cforest",1250,"4","1",0.6205
"1362","classif.randomForestSRC",6950,"1","2",0.6302
"1363","classif.randomForest",3650,"2","1",0.5992
"1364","classif.randomForestSRC",3950,"4","2",0.5939
"1365","classif.randomForestSRC",4550,"3","2",0.5943
"1366","classif.randomForestSRC",3950,"1","2",0.6267
"1367","classif.randomForest",8450,"3","2",0.5813
"1368","classif.randomForest",6350,"4","2",0.5725
"1369","classif.randomForest",6950,"4","1",0.5763
"1370","classif.cforest",8150,"2","2",0.632
"1371","classif.randomForestSRC",8150,"1","1",0.6324
"1372","classif.h2o.randomForest",7700,"1","7700",0.6182
"1373","classif.randomForestSRC",5750,"3","1",0.5888
"1374","classif.cforest",2450,"1","1",0.6256
